Id,Nome,R,Sq,QtA,FVM,n_stagioni,trend,deltaFM_recente,PV_medie,FM_23_24,FM_24_25,FM_25_26,tier_23_24,tier_24_25,tier_25_26
4431,Carnesecchi,P,Atalanta,18,80,3,crescente,0.25,32.7,5.3,5.4,5.65,B,B,A
2170,Milinkovic-Savic V.,P,Napoli,17,37,3,crescente,0.03,33.3,5.25,5.58,5.61,C,A,A
5841,Svilar,P,Roma,17,105,3,stabile,0.11,30.3,5.5,5.39,5.5,B,B,A
6966,Butez,P,Como,16,95,2,stabile,0.19,28,,5.22,5.41,,C,B
4312,Maignan,P,Milan,16,88,3,crescente,0.23,34.3,4.95,5.23,5.46,D,C,B
5876,Di Gregorio,P,Juventus,15,30,3,stabile,0.17,32,5.55,5.15,5.32,A,C,B
2134,Falcone,P,Lecce,15,35,3,altalenante,0.48,38,4.89,4.78,5.26,D,D,C
6462,Okoye,P,Udinese,14,14,3,altalenante,0.7,25.3,4.93,4.4,5.1,D,D,C
2428,Sommer,P,Inter,13,60,3,calante,-0.36,33.3,5.68,5.33,4.97,A,B,C
4360,Caprile,P,Cagliari,12,20,3,calante,-0.38,27.7,5.24,5.25,4.87,C,B,D
761,Audero,P,Cremonese,12,11,3,dato singolo,,15.3,5.25,3.62,4.82,,,D
2521,De Gea,P,Fiorentina,12,28,2,calante,-0.46,36,,5.43,4.97,,A,C
4957,Montipò,P,Verona,12,5,3,altalenante,0.46,36,5.0,4.43,4.89,D,D,D
133,Skorupski,P,Bologna,11,14,3,stabile,0.15,25.7,5.41,5.07,5.22,B,C,C
2814,Provedel,P,Lazio,11,15,3,altalenante,0.89,28.7,5.17,4.48,5.37,C,D,B
6641,Suzuki,P,Parma,11,8,2,stabile,0.02,28.5,,4.76,4.78,,D,D
188,Leali,P,Genoa,9,1,3,stabile,-0.23,17.7,5.0,5.12,4.89,,C,D
5320,Paleari,P,Torino,9,9,2,dato singolo,,15,,3.5,4.55,,,D
218,Perin,P,Juventus,8,10,3,dato singolo,,5.7,5.67,5.6,5.06,,,
572,Meret,P,Napoli,8,20,3,altalenante,-0.57,25.3,5.02,5.71,5.14,C,A,C
4867,Turati,P,Sassuolo,8,5,3,crescente,0.33,22.3,4.39,4.72,5.08,D,D,
5116,Martinez Jo.,P,Inter,5,1,3,dato singolo,,15.3,5.0,5.7,5.2,C,,
2722,Ravaglia F.,P,Bologna,4,3,3,calante,-0.5,11.7,6.5,4.79,4.29,,C,D
6403,Christensen O.,P,Fiorentina,2,1,2,dato singolo,,1.7,3.25,0.0,6.5,,,
4,Sportiello,P,Atalanta,1,1,3,dato singolo,,3.3,4.64,5.0,4.5,,,
219,Sommariva,P,Genoa,1,1,2,dato singolo,,1,0.0,6.0,3.75,,,
1926,Di Gennaro,P,Inter,1,1,2,dato singolo,,0.7,6.5,0.0,5.0,,,
2815,Terracciano,P,Milan,1,1,3,dato singolo,,12.7,5.32,5.33,6.0,B,,
574,Scuffet,P,Pisa,1,1,3,stabile,-0.13,17.3,4.34,4.21,4.07,D,D,
610,Gollini,P,Roma,1,1,2,dato singolo,,4.7,4.86,4.14,0.0,,,
543,Padelli,P,Udinese,1,1,2,dato singolo,,1,0.0,6.5,5.25,,,
6842,Sava,P,Udinese,1,1,2,dato singolo,,9.5,,4.62,3.43,,D,
511,Perilli,P,Verona,1,1,3,dato singolo,,2,5.5,5.0,3.67,,,
2211,Silvestri,P,Cremonese,1,1,3,dato singolo,,8.7,4.18,3.6,4.5,D,,
254,Dimarco,D,Inter,30,320,3,altalenante,0.78,32.3,7.18,6.91,7.69,A,A,A
2788,Bremer,D,Juventus,20,74,3,crescente,0.31,22.7,6.46,6.33,6.77,A,,A
5022,Pavlovic,D,Milan,17,60,2,crescente,0.5,28,,6.16,6.66,,C,A
6832,Palestra,D,Cagliari,16,75,2,dato singolo,,20,,6.17,6.39,,,B
6893,Kempf,D,Como,16,18,2,crescente,0.65,30.5,,5.85,6.5,,D,A
1852,Spinazzola,D,Napoli,16,33,3,altalenante,0.35,25.7,6.19,6.13,6.48,B,C,A
5526,Scalvini,D,Atalanta,15,22,3,stabile,0.22,20.3,6.2,5.25,6.42,B,,A
6217,Bisseck,D,Inter,15,41,3,altalenante,0.35,20.3,7.0,6.28,6.63,A,B,A
2296,Mancini,D,Roma,15,54,3,crescente,0.27,36,6.2,6.3,6.57,B,B,A
5750,Ostigard,D,Genoa,15,50,2,crescente,0.57,25,5.95,,6.52,C,,A
4976,Kalulu,D,Juventus,14,68,3,crescente,0.26,24.3,5.81,6.16,6.42,,C,A
4657,Celik,D,Roma,14,14,3,crescente,0.38,25,5.83,5.79,6.17,D,D,B
6956,Solet,D,Udinese,14,55,2,stabile,0.05,27,,6.42,6.47,,B,A
2120,Bastoni,D,Inter,13,40,3,stabile,-0.2,29.7,6.43,6.5,6.3,B,A,B
4807,Hermoso,D,Roma,13,25,2,dato singolo,,15.5,,4.88,6.41,,,B
6986,Rensch,D,Roma,13,17,2,dato singolo,,13.5,,6.11,6.47,,,A
554,Zappacosta,D,Atalanta,12,18,3,stabile,-0.21,32,6.13,6.48,6.27,C,A,B
5513,Dumfries,D,Inter,12,56,3,altalenante,-0.59,26,6.53,6.98,6.39,A,A,B
4317,N'Dicka,D,Roma,12,51,3,crescente,0.32,31.3,5.9,6.07,6.39,C,C,B
2160,Gosens,D,Fiorentina,11,19,2,calante,-0.33,19,0.0,6.55,6.22,,A,B
5514,Vasquez,D,Genoa,11,26,3,stabile,-0.02,35.7,6.19,6.19,6.17,B,B,B
6766,Kelly L.,D,Juventus,11,27,2,crescente,0.48,23.5,,5.62,6.1,,D,C
4409,Rrahmani,D,Napoli,11,45,3,crescente,0.23,29.7,6.12,6.25,6.48,C,B,A
5862,Valeri,D,Parma,11,22,3,altalenante,-0.13,27.7,5.63,6.26,6.13,D,B,B
6485,Kristensen T.,D,Udinese,11,14,3,crescente,0.52,25.3,5.75,5.77,6.29,D,D,B
5678,Holm,D,Juventus,10,8,3,crescente,0.13,16.7,6.03,6.25,6.38,C,B,B
4734,Miranda J.,D,Bologna,10,25,2,stabile,-0.07,30,,6.1,6.03,,C,C
4994,Vojvoda,D,Como,10,12,3,stabile,0.02,25,6.02,6.15,6.17,C,C,B
6867,Valle,D,Como,10,17,2,crescente,0.44,20,,5.79,6.23,,D,B
5885,Dodò,D,Fiorentina,10,30,3,stabile,-0.13,25.7,5.75,6.24,6.11,,B,C
2593,Martin,D,Genoa,10,11,3,altalenante,-0.21,28.3,5.82,6.26,6.05,D,B,C
5877,Carlos Augusto,D,Inter,10,15,3,altalenante,-0.48,30.3,6.17,6.57,6.09,B,A,C
6989,Tiago Gabriel,D,Lecce,10,25,2,dato singolo,,19,,6.0,6.04,,,C
4502,Gallo,D,Lecce,10,15,3,stabile,0.32,34.3,5.97,5.65,5.97,C,D,C
6496,Bartesaghi,D,Milan,10,15,3,dato singolo,,12.3,6.0,5.17,6.08,,,C
6202,Beukema,D,Napoli,10,10,3,stabile,-0.01,28.7,6.07,6.12,6.11,C,C,C
2816,Di Lorenzo,D,Napoli,10,28,3,stabile,-0.08,33,6.22,6.35,6.27,B,B,B
6664,Delprato,D,Parma,10,22,2,stabile,-0.13,34.5,,6.24,6.11,,B,C
4263,Kabasele,D,Udinese,10,9,3,altalenante,-0.12,18.7,5.77,6.28,6.16,D,B,B
4210,Mina,D,Cagliari,9,12,3,stabile,0.14,24,6.3,6.05,6.19,B,C,B
5435,Moreno Alb.,D,Como,9,10,2,crescente,0.65,19.5,,5.76,6.41,,D,B
5520,Cambiaso,D,Juventus,9,17,3,stabile,-0.37,34,6.15,6.34,5.97,C,B,C
5835,Baschirotto,D,Cremonese,9,13,3,crescente,0.08,34.7,5.78,6.08,6.16,D,C,B
6642,Coco,D,Torino,9,12,2,stabile,-0.04,33.5,,6.0,5.96,,C,C
393,Luperto,D,Cremonese,8,12,3,stabile,-0.03,36,6.08,6.0,5.97,C,C,C
4433,Zortea,D,Bologna,8,12,3,calante,-0.75,27.3,6.53,6.57,5.82,A,A,D
5833,Gila,D,Lazio,8,16,3,stabile,-0.02,28,5.9,5.89,5.87,C,D,D
460,Romagnoli,D,Lazio,8,16,3,stabile,-0.06,30.7,5.75,5.95,5.89,D,D,C
2188,Marusic,D,Lazio,8,12,3,altalenante,-0.19,33.7,5.68,6.1,5.91,D,C,C
4751,Tomori,D,Milan,8,21,3,altalenante,0.08,25,6.3,5.75,5.83,B,D,D
2724,Buongiorno,D,Napoli,8,13,3,calante,-0.58,27.7,6.64,6.41,5.83,A,B,D
6663,Circati,D,Parma,8,13,2,dato singolo,,18.5,,5.92,5.98,,,C
4665,Maripan,D,Torino,8,8,2,stabile,0.1,27,,6.02,6.12,,C,C
6631,Ghilardi,D,Roma,8,11,2,stabile,0.24,22.5,,5.62,5.86,,D,D
6672,Idzes,D,Sassuolo,8,12,2,stabile,-0.02,35,,5.99,5.97,,C,C
787,Djimsiti,D,Atalanta,7,13,3,stabile,-0.17,34,6.01,6.0,5.83,C,C,D
2640,Kolasinac,D,Atalanta,7,12,3,stabile,-0.28,23,6.07,6.13,5.85,C,C,D
6042,Lucumì,D,Bologna,7,12,3,stabile,0.18,29.7,6.09,5.75,5.93,C,D,C
5701,Obert,D,Cagliari,7,13,3,altalenante,-0.09,22,5.35,6.0,5.91,D,C,C
6660,Marcandalli,D,Genoa,7,12,2,dato singolo,,19.5,,5.69,5.85,,,D
6814,Norton-Cuffy,D,Genoa,7,14,2,crescente,0.46,18.5,,5.65,6.11,,D,C
7012,Provstgaard,D,Lazio,7,12,2,dato singolo,,12.5,,6.0,5.85,,,D
5812,Terracciano F.,D,Cremonese,7,11,3,stabile,0.08,20.7,5.82,5.57,5.9,D,,C
4772,Angelino,D,Roma,7,7,3,crescente,0.39,20.3,5.97,6.36,5.64,C,B,
6426,Pedersen,D,Torino,7,12,3,stabile,0.33,24.7,5.72,5.63,5.96,D,D,C
6047,Ehizibue,D,Udinese,7,10,3,stabile,0.18,26.3,5.75,5.78,5.96,D,D,C
6639,Frese,D,Verona,7,12,2,dato singolo,,19,,5.79,5.89,,,C
6046,Hien,D,Atalanta,6,10,3,stabile,0.17,26.3,5.82,5.79,5.96,D,D,C
5578,Kossounou,D,Atalanta,6,8,2,stabile,0.0,17,,5.94,5.94,,D,C
4887,Bellanova,D,Atalanta,6,11,3,calante,-0.49,31,6.4,6.24,5.75,B,B,D
4461,Zappa,D,Cagliari,6,8,3,stabile,0.09,32.7,5.89,5.93,6.02,D,D,C
7014,Smolcic I.,D,Como,6,12,2,dato singolo,,16.5,,5.81,5.96,,,C
4378,Ranieri L.,D,Fiorentina,6,10,3,stabile,-0.23,30.7,5.92,5.97,5.74,C,D,D
5449,Parisi,D,Fiorentina,6,12,3,crescente,-0.05,21.3,5.76,6.12,6.07,D,C,C
5739,De Winter,D,Milan,6,10,3,stabile,-0.25,25.7,5.84,6.1,5.85,D,C,D
6039,Cabal,D,Juventus,6,9,3,crescente,0.82,11.7,5.68,6.08,6.5,D,,A
5620,Tavares N.,D,Lazio,6,18,2,calante,-0.77,22,,6.48,5.71,,A,D
5527,Zanoli,D,Udinese,6,12,3,crescente,0.2,21.7,5.58,5.98,6.18,D,D,B
5010,Ismajli,D,Torino,6,14,3,altalenante,-0.25,26,5.76,6.19,5.94,D,B,C
5555,Kamara H.,D,Udinese,6,15,3,stabile,-0.17,29,6.0,6.05,5.88,C,C,C
5532,Bradaric,D,Verona,6,11,3,stabile,0.14,30,5.69,5.72,5.86,D,D,D
6230,Dossena,D,Cagliari,5,8,3,calante,-0.25,23,5.97,5.89,5.64,C,D,D
6896,Van Der Brempt,D,Como,5,8,2,stabile,-0.15,16,,6.11,5.96,,C,C
5603,Pongracic,D,Fiorentina,5,12,3,stabile,-0.01,29.7,5.86,5.72,5.71,D,D,D
513,Acerbi,D,Inter,5,10,3,calante,-0.2,22.3,6.55,6.17,5.97,A,C,C
5831,Gatti,D,Juventus,5,8,3,stabile,0.0,25.3,6.08,6.25,6.25,C,B,B
2728,Pellegrini Lu.,D,Lazio,5,9,3,stabile,-0.39,20.3,5.74,6.08,5.69,D,C,D
6990,Veiga D.,D,Lecce,5,13,2,stabile,-0.06,23,,5.8,5.74,,D,D
4401,Gabbia,D,Milan,5,14,3,calante,-0.34,23.7,6.35,6.18,5.84,B,B,D
5840,Olivera,D,Napoli,5,14,3,stabile,-0.24,25.7,5.8,5.97,5.73,D,D,D
5307,Valenti,D,Parma,5,10,2,stabile,-0.14,23.5,,5.88,5.74,,D,D
4374,Walukiewicz,D,Sassuolo,5,12,3,stabile,0.04,29.7,5.63,5.68,5.72,D,D,D
5994,Ebosse,D,Torino,5,7,2,dato singolo,,6,0.0,5.25,5.72,,,D
697,Cuadrado,D,Pisa,5,8,3,stabile,-0.01,15.3,6.2,6.1,6.09,B,C,C
7018,Nelsson,D,Verona,5,11,2,dato singolo,,21,,6.0,5.63,,,D
6916,Ahanor,D,Atalanta,4,10,2,dato singolo,,13.5,,6.0,5.69,,,D
770,Pezzella Giu.,D,Cremonese,4,10,3,altalenante,-0.38,27,5.4,5.93,5.55,D,D,D
6495,Comuzzo,D,Fiorentina,4,11,3,calante,-0.29,18,5.75,6.02,5.73,,C,D
256,Juan Jesus,D,Napoli,4,10,3,stabile,-0.29,19.7,5.65,5.88,5.59,D,D,D
5481,Mazzocchi,D,Napoli,4,7,3,stabile,0.14,14.7,5.56,5.7,5.83,D,D,
5851,Doig,D,Sassuolo,4,10,2,stabile,0.1,27.5,5.62,,5.72,D,,D
4385,Lazaro,D,Torino,4,11,3,calante,-0.46,30.3,6.03,6.08,5.62,C,C,D
6992,Oyegoke,D,Verona,4,4,2,dato singolo,,6.5,,5.5,5.55,,,D
6665,Coulibaly W.,D,Sassuolo,4,4,2,crescente,0.29,16,,5.46,5.75,,D,D
487,De Silvestri,D,Bologna,3,8,3,calante,-0.19,12.7,6.62,6.09,5.9,A,C,C
791,Sabelli,D,Genoa,3,10,3,stabile,-0.26,25,5.91,5.95,5.69,C,D,D
322,De Vrij,D,Inter,3,9,3,stabile,0.14,17.3,6.41,6.55,6.0,B,A,
2525,Darmian,D,Inter,3,8,3,stabile,-0.02,21.3,6.31,6.29,5.92,B,B,
327,Patric,D,Lazio,3,10,3,calante,-0.53,13,6.26,5.78,5.73,B,,D
2263,Lazzari,D,Lazio,3,9,3,stabile,-0.17,21.3,5.69,5.85,5.68,D,D,D
6809,Marianucci,D,Torino,3,8,2,stabile,0.0,12,,5.73,5.73,,D,D
6211,Zemura,D,Udinese,3,8,3,stabile,-0.22,19.3,5.93,6.0,5.78,C,C,D
6957,Valentini N.,D,Verona,3,8,2,stabile,-0.15,16.5,,5.57,5.42,,D,D
6149,Carboni F.,D,Parma,3,4,2,dato singolo,,2.3,0.0,5.6,5.75,,,
2653,Lykogiannis,D,Bologna,2,10,3,calante,-0.27,14.7,6.36,6.09,5.61,B,C,
6977,Otoa,D,Genoa,2,9,2,dato singolo,,6.5,,4.67,5.4,,,D
294,Rugani,D,Fiorentina,2,10,2,dato singolo,,7.3,6.46,0.0,5.5,A,,
6632,Gaspar K.,D,Lecce,2,10,2,calante,-0.44,22.5,,6.06,5.62,,C,D
6883,Jean,D,Lecce,2,3,2,dato singolo,,11.5,,5.83,5.7,,D,
252,Biraghi,D,Torino,2,5,3,calante,-0.2,20,6.07,5.93,5.73,C,D,D
2006,Lirola,D,Verona,2,7,2,dato singolo,,14.5,5.96,,5.3,C,,
5498,Casale,D,Bologna,1,9,3,stabile,-0.08,14.7,5.47,5.63,5.55,D,D,D
418,Goldaniga,D,Como,1,6,2,stabile,0.2,14.3,5.58,5.78,0.0,D,D,
140,Hysaj,D,Lazio,1,4,3,dato singolo,,10.3,5.6,6.25,5.67,D,,
6985,Candè,D,Sassuolo,1,5,2,dato singolo,,12.5,,5.85,5.56,,D,
6875,Paz N.,C,Como,26,245,2,stabile,0.23,34,,7.11,7.34,,A,A
4777,McTominay,C,Napoli,25,215,2,calante,-0.39,33.5,,7.6,7.21,,A,A
2194,Calhanoglu,C,Inter,24,190,3,altalenante,0.73,27.3,7.7,6.82,7.55,A,B,A
2423,Pulisic,C,Milan,24,100,3,calante,-0.51,33,7.54,7.44,6.93,A,A,A
2379,Rabiot,C,Milan,23,195,2,crescente,0.51,30,6.47,,6.98,B,,A
5559,Da Cunha,C,Como,20,80,2,crescente,0.56,35.5,,6.4,6.96,,C,A
152,Zielinski,C,Inter,20,60,3,crescente,0.58,26.7,6.23,6.31,6.89,C,C,A
6908,Atta,C,Udinese,20,85,2,crescente,1.04,28.5,,5.82,6.86,,D,A
2167,Orsolini,C,Bologna,19,150,3,exploit singolo,-1.31,31.7,7.03,8.12,6.81,A,A,A
2766,Zaniolo,C,Udinese,19,100,2,crescente,0.65,25,,6.11,6.76,,D,B
1870,Barella,C,Inter,18,58,3,stabile,-0.01,34.7,6.57,6.73,6.72,B,B,B
4973,McKennie,C,Juventus,18,107,3,crescente,0.57,32.7,6.18,6.15,6.72,C,C,B
6884,Conceicao,C,Juventus,18,65,2,stabile,0.11,28,,6.54,6.65,,B,B
1933,Mandragora,C,Fiorentina,17,60,3,altalenante,-0.1,30.7,6.25,6.66,6.56,C,B,B
5687,Vlasic,C,Torino,17,100,3,crescente,0.02,33.3,6.38,6.68,6.7,C,B,B
6151,Perrone,C,Como,16,50,2,crescente,0.5,30.5,,6.06,6.56,,D,B
4970,Messias,C,Genoa,16,12,3,altalenante,0.63,17.3,6.35,6.03,6.66,C,D,B
6398,Isaksen,C,Lazio,16,35,3,stabile,0.26,29.3,6.33,6.3,6.56,C,C,B
4427,Malinovskyi,C,Genoa,15,34,3,stabile,0.01,22.3,6.46,6.28,6.47,B,,B
4892,Saelemaekers,C,Milan,15,36,3,exploit singolo,-0.91,29,6.43,7.41,6.5,C,A,B
4220,Zambo Anguissa,C,Napoli,15,20,3,altalenante,-0.06,28.7,5.74,6.89,6.83,D,B,A
6666,Bernabè,C,Parma,15,23,2,stabile,-0.14,25.5,,6.53,6.39,,B,C
5844,Thorstvedt,C,Sassuolo,15,40,2,stabile,0.23,32.5,6.38,,6.61,C,,B
5422,Zalewski,C,Atalanta,14,19,3,crescente,0.18,24,5.75,6.21,6.39,D,C,C
2529,Mkhitaryan,C,Inter,14,14,3,altalenante,0.34,32,6.68,6.16,6.5,B,C,B
5562,Thuram K.,C,Juventus,14,41,2,calante,-0.36,34,,6.67,6.31,,B,C
6190,Pisilli,C,Roma,14,17,2,crescente,0.31,16,0.0,6.12,6.43,,C,B
6684,Ekkelenkamp,C,Udinese,14,51,2,crescente,0.33,32,,6.23,6.56,,C,B
5792,Ederson D.S.,C,Atalanta,13,30,3,stabile,-0.08,34,6.57,6.51,6.43,B,B,B
2765,Odgaard,C,Bologna,13,14,3,calante,-0.3,19.7,7.0,6.91,6.61,,A,B
4364,Gaetano,C,Cagliari,13,15,3,calante,0.02,25.3,6.88,6.31,6.33,B,C,C
5036,Caqueret,C,Como,13,18,2,calante,-0.34,22.5,,6.75,6.41,,B,C
4486,Strefezza,C,Parma,13,50,3,altalenante,-0.15,23.3,5.95,6.76,6.61,D,B,B
5800,Gudmundsson A.,C,Fiorentina,13,35,3,calante,-0.75,29.3,7.67,6.98,6.23,A,A,C
632,Zaccagni,C,Lazio,13,25,3,altalenante,-1.01,29.3,6.8,7.01,6.0,B,A,D
5504,Coulibaly L.,C,Lecce,13,21,3,crescente,0.36,32.3,5.54,5.91,6.27,D,D,C
536,Politano,C,Napoli,13,31,3,calante,-0.02,35.7,6.77,6.35,6.33,B,C,C
779,Cristante,C,Roma,13,26,3,stabile,-0.28,34.3,6.32,6.48,6.2,C,B,C
5589,Konè M.,C,Roma,13,39,2,stabile,0.09,31,,6.38,6.47,,C,B
530,Pellegrini Lo.,C,Roma,13,24,3,altalenante,0.74,26,6.97,5.84,6.58,A,D,B
5735,Volpato,C,Sassuolo,13,17,2,crescente,0.43,19,6.0,,6.43,D,,B
5888,Casadei,C,Torino,13,20,2,crescente,0.29,23.5,,6.23,6.52,,C,B
2077,Pasalic,C,Atalanta,12,14,3,altalenante,0.12,32.7,6.88,6.15,6.27,B,C,C
4404,Thorsby,C,Cremonese,12,12,3,altalenante,0.71,23.7,6.29,5.61,6.32,C,D,C
827,Locatelli,C,Juventus,12,47,3,stabile,-0.05,35.3,5.97,6.26,6.21,D,C,C
4465,Fagioli,C,Fiorentina,11,35,3,stabile,0.19,21.7,6.31,6.08,6.27,,D,C
333,Cataldi,C,Lazio,11,17,3,altalenante,-0.09,25.7,5.87,6.42,6.33,D,C,C
5674,Basic,C,Lazio,11,25,2,crescente,1.04,12.3,5.29,0.0,6.33,D,,C
5453,Ricci S.,C,Milan,11,13,3,stabile,-0.03,31,5.93,6.19,6.16,D,C,C
6898,Keita M.,C,Parma,11,18,2,crescente,0.27,32,,5.77,6.04,,D,C
4947,Brescianini,C,Fiorentina,10,15,3,altalenante,-0.4,25,6.38,6.66,6.26,C,B,C
4896,Maldini,C,Lazio,10,20,3,calante,-0.26,20.7,6.94,6.59,6.33,B,B,C
6252,Folorunsho,C,Cagliari,10,14,3,altalenante,0.37,24,6.35,5.73,6.1,C,D,C
4686,Fofana Y.,C,Milan,10,18,2,stabile,-0.19,33.5,,6.24,6.05,,C,C
4199,Loftus-Cheek,C,Milan,10,12,3,altalenante,0.76,23,6.6,5.72,6.48,B,D,B
4287,Lobotka,C,Napoli,10,20,3,stabile,0.03,33.3,5.92,6.1,6.13,D,D,C
6831,Neres,C,Napoli,10,15,2,stabile,0.12,21,,6.69,6.81,,B,A
1976,Mazzitelli,C,Cagliari,10,12,3,stabile,0.06,17,6.48,6.44,6.54,B,,B
22,De Roon,C,Atalanta,9,22,3,altalenante,-0.56,33.3,6.08,6.56,6.0,C,B,D
5119,Samardzic,C,Atalanta,9,11,3,calante,-0.07,28,6.66,6.27,6.2,B,C,C
6054,Moro N.,C,Bologna,9,11,3,stabile,0.07,20.7,6.06,6.09,6.16,C,D,C
6294,Ndour,C,Fiorentina,9,22,2,dato singolo,,18.5,,5.64,5.98,,,D
5791,Frendrup,C,Genoa,9,15,3,calante,-0.05,36,6.43,6.06,6.01,B,D,D
4711,Kostic,C,Juventus,9,8,2,crescente,1.2,13,5.9,0.0,7.1,D,,A
795,El Shaarawy,C,Roma,9,11,3,stabile,-0.36,23,6.36,6.64,6.28,C,B,C
5823,Baldanzi,C,Genoa,9,15,3,stabile,0.14,20.7,6.19,6.1,6.24,C,D,C
6680,Karlstrom,C,Udinese,9,15,2,stabile,0.08,36.5,,5.82,5.9,,D,D
788,Freuler,C,Bologna,8,14,3,stabile,-0.15,32.3,6.12,6.19,6.04,C,C,D
5298,Pobega,C,Bologna,8,13,3,stabile,-0.09,17.7,5.94,6.31,6.22,,C,C
4870,Adopo,C,Cagliari,8,13,3,stabile,0.08,25.7,6.0,5.87,5.95,,D,D
6020,Ellertsson,C,Genoa,8,10,2,calante,-0.26,35,,6.13,5.87,,C,D
6394,Ramadani,C,Lecce,8,13,3,stabile,-0.02,32.7,5.74,5.94,5.92,D,D,D
6815,Fadera,C,Sassuolo,8,10,2,stabile,-0.08,24,,6.23,6.15,,C,C
2839,Sottil,C,Lecce,8,9,3,calante,-0.02,20.7,6.37,6.09,6.07,C,D,C
4349,Nicolussi Caviglia,C,Parma,8,15,3,calante,-0.46,21.3,6.08,6.44,5.98,,B,D
6424,Prati,C,Torino,7,11,3,stabile,0.03,22.7,5.92,5.8,5.83,D,D,D
6640,Felici,C,Cagliari,7,7,2,crescente,0.5,15,,6.0,6.5,,D,B
5813,Miretti,C,Juventus,7,12,3,altalenante,-0.06,20.3,5.9,6.28,6.22,D,C,C
6015,Berisha M.,C,Lecce,7,9,2,crescente,1.13,13.5,,5.87,7.0,,D,A
6549,Pierotti,C,Lecce,7,13,3,calante,-0.32,26.3,6.29,6.1,5.78,,D,D
5131,Gilmour,C,Napoli,7,12,2,crescente,0.31,15.5,,5.94,6.25,,D,C
6170,Gineitis,C,Torino,7,9,3,altalenante,-0.4,22.7,5.95,6.17,5.77,D,C,D
7028,Bernede,C,Verona,7,11,2,crescente,0.26,21.5,,5.79,6.05,,D,C
4479,Elmas,C,Napoli,7,13,3,calante,-1.17,17.7,6.33,7.15,5.98,,A,D
801,Gagliardini,C,Verona,7,12,3,stabile,-0.17,22.7,6.0,5.58,5.83,D,,D
6024,Sulemana I.,C,Cagliari,6,10,3,calante,-0.3,14.7,6.08,7.17,5.78,C,,D
5784,Aebischer,C,Pisa,6,12,3,stabile,0.12,26.7,5.89,5.69,5.81,D,D,D
6206,Fabbian,C,Fiorentina,6,9,3,calante,-0.36,22,6.91,6.36,6.0,B,C,D
1871,Deiola,C,Cagliari,6,11,3,altalenante,-0.06,22.3,5.61,6.08,6.02,D,D,D
6629,Dele-Bashiru,C,Lazio,6,14,2,calante,-0.73,19,,6.59,5.86,,B,D
5998,Zerbin,C,Cremonese,6,9,3,stabile,-0.2,21.3,5.81,6.0,5.8,D,D,D
6246,Lipani,C,Sassuolo,6,8,2,dato singolo,,14.5,5.93,,5.89,,,D
6458,Serdar,C,Verona,6,10,3,stabile,-0.04,20.7,5.85,6.12,6.08,D,C,C
5858,Ferguson,C,Bologna,5,12,3,calante,-0.69,22.7,6.98,6.54,5.85,A,B,D
27,Grassi,C,Cremonese,5,8,3,stabile,-0.09,27.3,5.75,5.79,5.7,D,D,D
6917,Masini,C,Genoa,5,7,2,calante,-0.25,20,,6.11,5.86,,C,D
5457,Maleh,C,Cremonese,5,5,3,stabile,0.01,25.7,5.66,5.7,5.71,D,D,D
5992,Bondo,C,Cremonese,5,12,3,stabile,-0.03,24.7,5.86,5.7,5.67,D,D,D
5295,Musah,C,Atalanta,5,11,3,altalenante,0.49,22.7,5.81,5.6,6.09,D,D,C
5290,Estevez,C,Parma,5,8,2,stabile,0.06,18,,5.79,5.85,,D,D
6481,Payero,C,Cremonese,5,8,3,calante,-0.24,26,6.02,6.0,5.76,D,D,D
5286,Akpa Akpro,C,Verona,5,10,3,altalenante,0.32,16.7,5.57,5.5,5.82,D,D,D
2848,Frattesi,C,Inter,4,10,3,calante,-0.83,22.3,7.04,6.73,5.9,A,B,D
5685,Koopmeiners,C,Juventus,4,11,3,calante,-0.73,30.7,7.44,6.36,5.63,A,C,D
5319,Sohm,C,Bologna,4,12,2,calante,-0.65,30.5,,6.23,5.58,,C,D
5688,Harroui,C,Verona,4,10,3,calante,-0.53,14.7,6.71,6.35,5.82,B,C,D
6486,Suslov,C,Verona,4,13,3,calante,-0.04,24,6.35,5.69,5.65,C,D,D
6218,Oristanio,C,Parma,4,10,3,calante,-0.45,26.3,6.33,6.28,5.83,C,C,D
4284,Sergi Roberto,C,Como,3,12,2,stabile,-0.06,13,,5.92,5.86,,D,D
6010,Fazzini,C,Fiorentina,3,10,3,exploit singolo,-1.15,19,5.96,6.9,5.75,D,A,D
6191,Belahyane,C,Lazio,3,7,3,stabile,0.07,13.3,6.0,5.7,5.77,,D,D
6984,Ondrejka,C,Parma,3,9,2,calante,-2.2,12.5,,7.8,5.6,,A,D
6212,Zarraga,C,Udinese,3,6,3,stabile,-0.12,13,6.79,5.89,5.77,,D,D
5850,Lovric,C,Verona,3,9,3,calante,-0.42,25,6.05,6.1,5.68,D,D,D
6112,Iling Junior,C,Pisa,3,11,3,dato singolo,,8.7,6.15,7.17,5.5,C,,
6980,Venturino,C,Roma,2,12,2,dato singolo,,5,,8.67,5.79,,,
4459,Rovella,C,Lazio,2,8,3,calante,-0.25,21.7,6.0,5.98,5.73,D,D,D
5872,Helgason,C,Lecce,2,7,2,dato singolo,,7,0.0,6.24,5.62,,C,
6219,Boloca,C,Sassuolo,2,4,2,dato singolo,,16,5.8,,5.75,D,,
6889,Anjorin,C,Torino,2,9,2,dato singolo,,15.5,,6.64,5.72,,B,
5540,Niasse,C,Verona,2,9,2,crescente,0.35,14,,5.41,5.76,,D,D
4677,Cornet,C,Genoa,2,5,2,dato singolo,,5.5,,7.25,4.3,,,
4890,Tameze,C,Torino,1,9,3,stabile,-0.1,20.3,5.75,5.77,5.67,D,D,D
5007,Ilic,C,Torino,1,8,3,calante,-0.42,17.7,6.36,5.94,5.88,C,D,
6677,Adzic,C,Juventus,1,1,2,dato singolo,,2.5,,6.0,6.88,,,
6538,Onana J.,C,Genoa,1,4,2,dato singolo,,4.5,,5.79,5.75,,,
2764,Martinez L.,A,Inter,33,315,3,altalenante,0.81,31.3,8.77,7.44,8.25,A,B,A
4871,Thuram,A,Inter,32,270,3,stabile,0.16,32,7.8,7.75,7.91,B,A,A
7017,Douvikas,A,Como,26,200,2,crescente,0.72,24,,6.67,7.39,,C,A
6434,Yildiz,A,Juventus,26,182,3,crescente,0.36,30,6.36,7.01,7.37,D,B,A
531,Berardi,A,Sassuolo,25,90,2,calante,-0.93,21.5,8.03,,7.1,A,,B
6435,Krstovic,A,Atalanta,24,95,3,crescente,0.3,34.3,6.25,6.86,7.16,D,C,B
5637,Davis K.,A,Udinese,24,110,3,crescente,0.81,17.3,6.7,6.47,7.28,,D,A
2137,Scamacca,A,Atalanta,23,95,2,calante,-0.36,17,7.86,0.0,7.5,A,,A
505,Bonazzoli,A,Cremonese,22,40,2,crescente,0.77,29,6.22,,6.99,D,,B
2061,Simeone,A,Torino,22,99,3,crescente,1.12,22.3,5.72,6.11,7.23,D,D,A
4463,Esposito Se.,A,Cagliari,21,70,2,stabile,0.05,23,0.0,6.76,6.81,,C,B
6060,Laurientè,A,Sassuolo,21,82,2,crescente,0.54,37,6.32,,6.86,D,,B
6669,Bonny,A,Inter,20,15,2,stabile,0.24,32.5,,6.51,6.75,,D,B
4510,Leao,A,Milan,20,80,3,calante,-0.22,31.7,7.33,7.01,6.79,B,B,B
5734,Soulè,A,Roma,20,85,3,calante,-0.23,30.3,7.18,7.04,6.81,B,B,B
7023,Pellegrino M.,A,Parma,18,67,2,calante,-0.4,24,,6.91,6.51,,B,C
6572,Castro S.,A,Bologna,17,30,3,stabile,-0.03,25.3,6.42,6.66,6.63,,C,C
5995,De Ketelaere,A,Atalanta,16,59,3,calante,-0.4,33,7.42,6.9,6.5,B,C,C
2097,Kean,A,Fiorentina,16,40,3,exploit singolo,-1.41,24,5.79,8.16,6.75,D,A,B
2841,Vlahovic,A,Juventus,16,100,3,stabile,-0.09,25.3,7.35,7.28,7.19,B,B,B
2489,Pedro,A,Lazio,16,20,3,altalenante,-0.51,26,5.93,7.23,6.72,D,B,C
2038,Pinamonti,A,Sassuolo,16,55,3,stabile,0.0,36,6.68,6.64,6.64,C,C,C
6646,Adams C.,A,Torino,16,23,2,stabile,-0.02,34,,6.74,6.72,,C,C
6001,Banda,A,Lecce,15,22,3,altalenante,0.57,22,6.24,5.85,6.42,D,D,C
4371,Raspadori,A,Atalanta,15,37,3,altalenante,-0.44,21.7,6.38,7.21,6.77,C,B,B
2531,Lukaku,A,Napoli,15,10,3,crescente,0.35,23.3,7.11,7.46,7.5,C,A,
4923,Colombo,A,Genoa,14,37,3,stabile,0.1,32,6.39,6.29,6.39,C,D,C
6556,Noslin,A,Lazio,14,24,3,altalenante,0.3,20,7.32,6.2,6.5,B,D,C
6164,Vitinha O.,A,Genoa,13,20,3,stabile,0.14,20,7.17,6.25,6.39,,D,C
309,Dybala,A,Roma,13,50,3,calante,-0.79,22.7,8.26,7.48,6.69,A,A,C
4436,Cambiaghi,A,Bologna,12,10,3,stabile,-0.12,26.3,6.18,6.5,6.38,D,D,C
6967,Diao,A,Como,12,30,2,calante,-1.65,15,,7.96,6.31,,A,D
5506,Ekuban,A,Genoa,12,12,3,altalenante,0.1,23.3,6.63,6.28,6.38,C,D,C
7008,Gimenez,A,Milan,12,12,2,calante,-1.26,14,,6.67,5.41,,C,D
6243,Borrelli,A,Cagliari,11,15,2,dato singolo,,13.5,5.5,,6.48,,,C
5500,Cancellieri,A,Lazio,11,12,3,stabile,0.16,29,6.26,6.02,6.18,D,D,D
6439,Cheddira,A,Lecce,11,23,2,calante,-0.41,18.7,6.66,0.0,6.25,C,,D
5515,Okereke,A,Cremonese,10,5,2,dato singolo,,7.5,5.8,,6.55,,,C
6822,Ekhator,A,Genoa,10,8,2,stabile,0.2,20.5,,6.06,6.26,,D,D
6675,Dovbyk,A,Roma,10,8,2,calante,-0.42,22,,7.17,6.75,,B,B
5336,Nzola,A,Sassuolo,10,15,2,stabile,0.11,19,6.03,0.0,6.14,D,,D
4359,Piccoli,A,Fiorentina,9,15,3,exploit singolo,-0.71,32.3,6.27,6.88,6.17,D,C,D
608,Zapata D.,A,Torino,8,15,3,calante,-1.19,22.3,7.39,7.71,6.2,B,,D
7001,N'Dri,A,Lecce,7,10,2,dato singolo,,12,,5.86,6.12,,,D
6643,Dallinga,A,Bologna,6,9,2,stabile,-0.21,20.5,,6.35,6.14,,D,D
5672,Dia,A,Lazio,6,9,3,altalenante,-0.99,25.7,6.41,6.83,5.84,C,C,D
6827,Njie,A,Torino,6,4,2,dato singolo,,10,,5.83,6.18,,,D
5471,Djuric,A,Cremonese,5,8,3,calante,-0.66,23.3,6.65,6.61,5.95,C,C,D
441,Belotti,A,Cagliari,5,10,3,calante,-0.87,13.3,7.04,6.17,7.5,C,D,
479,Sanabria,A,Cremonese,4,10,3,calante,-0.08,26.7,6.29,5.84,5.76,D,D,D
6159,Sarr A.,A,Verona,4,8,2,calante,-0.57,29,,6.17,5.6,,D,D
6630,Mosquera,A,Verona,4,8,2,calante,-0.25,23.5,,6.29,6.04,,D,D
6895,Dominguez B.,A,Bologna,3,8,2,calante,-0.7,16.5,,6.7,6.0,,C,D
247,Pavoletti,A,Cagliari,3,7,3,calante,-0.66,11.7,6.97,6.31,6.36,C,D,
6207,Almqvist,A,Parma,3,7,3,stabile,0.15,22,6.07,5.85,6.0,D,D,D
6519,Camarda,A,Lecce,2,8,2,dato singolo,,8,0.0,5.92,5.64,,,D
313,Morata,A,Como,2,10,2,calante,-1.62,17,,6.81,5.19,,C,D
2012,Milik,A,Juventus,1,5,2,dato singolo,,8.7,6.4,0.0,6.0,C,,
