Id,Nome,Sq,PV,MV,FM,Gf,Gs,RigSegnati,RigTirati,RigParati,Assist,Amm,Esp
5512,De Luca,CRE,1,7.0,10.0,1,0,1,1,0,0,0,0
5585,Malen,ROM,18,6.78,9.03,14,0,3,4,0,2,1,0
2764,Martinez L.,INT,30,6.42,8.25,17,0,0,0,0,6,4,0
4871,Thuram,INT,29,6.4,7.91,13,0,0,0,0,6,2,0
254,Dimarco,INT,35,6.64,7.69,7,0,0,0,0,17,3,0
2194,Calhanoglu,INT,22,6.43,7.55,9,0,4,5,0,4,7,0
2137,Scamacca,ATA,23,6.2,7.5,10,0,2,2,0,1,2,0
2531,Lukaku,NAP,2,6.25,7.5,1,0,0,0,0,0,1,0
441,Belotti,CAG,4,6.0,7.5,2,0,1,1,0,0,0,0
6052,Hojlund,NAP,33,6.21,7.44,12,0,1,1,0,5,1,0
7017,Douvikas,COM,36,6.19,7.39,14,0,1,1,0,1,0,0
6434,Yildiz,JUV,35,6.46,7.37,10,0,1,2,0,6,2,0
6875,Paz N.,COM,35,6.41,7.34,12,0,0,2,0,5,5,0
5637,Davis K.,UDI,30,6.23,7.28,10,0,4,4,0,4,5,0
7351,Santos A.,NAP,13,6.38,7.27,4,0,0,0,0,0,1,0
2517,De Bruyne,NAP,18,6.33,7.25,5,0,3,3,0,2,1,0
2061,Simeone,TOR,32,6.22,7.23,11,0,0,0,0,0,1,0
4777,McTominay,NAP,33,6.35,7.21,10,0,0,1,0,2,1,0
2841,Vlahovic,JUV,18,6.03,7.19,7,0,1,1,0,0,0,0
7126,Baturina,COM,25,6.34,7.18,6,0,0,0,0,3,0,0
6435,Krstovic,ATA,32,6.12,7.16,10,0,0,0,0,5,4,0
2832,Boga,JUV,13,6.15,7.12,4,0,0,0,0,1,1,0
4711,Kostic,JUV,10,6.1,7.1,3,0,0,0,0,1,1,0
531,Berardi,SAS,26,6.21,7.1,8,0,2,3,0,4,2,1
7071,Esposito F.P.,INT,32,6.27,7.0,7,0,0,0,0,3,1,0
6015,Berisha M.,LEC,12,6.25,7.0,2,0,0,0,0,3,0,0
7342,Elphege,PAR,8,6.12,7.0,2,0,0,0,0,1,0,0
505,Bonazzoli,CRE,35,6.13,6.99,10,0,3,3,0,2,4,0
2379,Rabiot,MIL,29,6.33,6.98,6,0,0,0,0,4,4,1
5559,Da Cunha,COM,35,6.39,6.96,6,0,4,4,0,4,4,0
2423,Pulisic,MIL,29,6.07,6.93,8,0,0,1,0,4,0,0
152,Zielinski,INT,31,6.35,6.89,6,0,1,1,0,2,3,0
6677,Adzic,JUV,4,6.12,6.88,1,0,0,0,0,0,0,0
6060,Laurientè,SAS,37,6.11,6.86,7,0,0,0,0,9,4,0
6908,Atta,UDI,32,6.34,6.86,5,0,0,0,0,3,3,0
4220,Zambo Anguissa,NAP,18,6.14,6.83,4,0,0,0,0,1,1,0
4728,Nkunku,MIL,26,5.9,6.83,7,0,5,5,0,3,0,0
2167,Orsolini,BOL,34,6.1,6.81,10,0,4,6,0,1,2,0
4463,Esposito Se.,CAG,36,6.19,6.81,7,0,1,1,0,4,6,0
6831,Neres,NAP,16,6.16,6.81,3,0,0,0,0,3,3,0
5734,Soulè,ROM,32,6.11,6.81,6,0,0,0,0,5,1,0
4510,Leao,MIL,28,5.8,6.79,9,0,2,2,0,3,5,0
2788,Bremer,JUV,26,6.29,6.77,4,0,0,0,0,3,5,0
4371,Raspadori,ATA,13,6.0,6.77,3,0,0,0,0,1,0,0
2766,Zaniolo,UDI,31,6.24,6.76,5,0,0,0,0,5,8,0
2097,Kean,FIO,26,5.87,6.75,8,0,2,2,0,1,4,0
6669,Bonny,INT,28,6.09,6.75,5,0,0,0,0,4,1,0
6675,Dovbyk,ROM,12,5.92,6.75,3,0,0,0,0,1,0,0
6365,Ferguson E.,ROM,14,6.0,6.75,3,0,0,0,0,2,1,0
6226,Castellanos,LAZ,11,6.0,6.73,2,0,0,0,0,3,2,0
1870,Barella,INT,34,6.29,6.72,3,0,0,0,0,9,7,0
4973,McKennie,JUV,34,6.18,6.72,5,0,0,0,0,6,5,0
2489,Pedro,LAZ,23,6.07,6.72,5,0,2,2,0,2,4,0
6646,Adams C.,TOR,32,6.06,6.72,6,0,0,0,0,3,0,0
2606,Modric,MIL,33,6.5,6.71,2,0,0,0,0,3,4,0
7347,Bowie,VER,14,5.89,6.71,4,0,0,0,0,0,1,0
7129,Rodriguez Je.,COM,28,6.29,6.7,2,0,0,0,0,8,3,1
5687,Vlasic,TOR,37,6.07,6.7,8,0,5,5,0,3,7,0
309,Dybala,ROM,21,6.21,6.69,2,0,0,1,0,7,0,0
7199,Kilicsoy,CAG,17,5.97,6.68,4,0,0,0,0,0,1,0
4970,Messias,GEN,19,6.16,6.66,3,0,1,1,0,1,1,0
5022,Pavlovic,MIL,34,6.28,6.66,5,0,0,0,0,0,4,0
6884,Conceicao,JUV,31,6.24,6.65,3,0,0,0,0,5,3,0
2038,Pinamonti,SAS,35,5.93,6.64,9,0,0,1,0,3,2,1
6572,Castro S.,BOL,35,6.04,6.63,7,0,0,0,0,1,3,0
6217,Bisseck,INT,23,6.2,6.63,3,0,0,0,0,2,2,0
6717,Konè I.,SAS,35,6.19,6.63,6,0,0,0,0,0,3,1
6653,Bravo,UDI,4,6.0,6.62,1,0,0,0,0,0,1,0
7374,Mendy P.,CAG,8,5.94,6.62,2,0,0,0,0,0,1,0
2765,Odgaard,BOL,22,5.91,6.61,5,0,0,0,0,1,1,0
4486,Strefezza,PAR,14,6.14,6.61,2,0,0,0,0,2,3,0
5844,Thorstvedt,SAS,31,6.27,6.61,4,0,0,0,0,3,9,0
184,Bernardeschi,BOL,25,6.08,6.58,4,0,1,1,0,2,3,0
7127,Addai,COM,12,6.0,6.58,3,0,0,0,0,0,4,0
530,Pellegrini Lo.,ROM,24,6.04,6.58,4,0,2,2,0,2,2,0
2296,Mancini,ROM,36,6.31,6.57,4,0,0,0,0,2,9,0
6151,Perrone,COM,36,6.31,6.56,3,0,0,0,0,4,8,0
1933,Mandragora,FIO,34,5.99,6.56,7,0,1,1,0,2,7,0
6398,Isaksen,LAZ,27,5.96,6.56,5,0,0,0,0,1,0,0
6684,Ekkelenkamp,UDI,31,6.0,6.56,5,0,0,0,0,3,1,0
5515,Okereke,CRE,10,5.95,6.55,2,0,0,0,0,0,0,0
1976,Mazzitelli,CAG,14,6.04,6.54,2,0,0,0,0,2,3,0
6552,Orban G.,VER,28,5.82,6.54,7,0,2,2,0,2,4,1
2499,Vardy,CRE,29,5.86,6.53,7,0,0,0,0,1,5,0
7314,Taylor K.,LAZ,17,6.03,6.53,3,0,0,0,0,2,5,0
7181,Wesley,ROM,30,6.17,6.52,5,0,0,0,0,0,5,2
5888,Casadei,TOR,32,6.03,6.52,6,0,0,0,0,0,5,0
5750,Ostigard,GEN,30,6.13,6.52,5,0,0,0,0,0,7,0
7023,Pellegrino M.,PAR,37,5.85,6.51,9,0,1,1,0,0,5,0
5995,De Ketelaere,ATA,31,6.11,6.5,3,0,0,0,0,5,4,0
6640,Felici,CAG,11,6.0,6.5,2,0,0,0,0,1,3,0
6893,Kempf,COM,30,6.12,6.5,4,0,0,0,0,1,3,0
6403,Christensen O.,FIO,1,7.5,6.5,0,1,0,0,0,0,0,0
4177,Pavard,INT,1,6.5,6.5,0,0,0,0,0,0,0,0
2529,Mkhitaryan,INT,28,6.12,6.5,4,0,0,0,0,1,5,0
6039,Cabal,JUV,10,5.95,6.5,2,0,0,0,0,0,1,0
6556,Noslin,LAZ,23,6.02,6.5,4,0,0,0,0,2,4,1
4892,Saelemaekers,MIL,35,6.23,6.5,3,0,0,0,0,3,5,0
5338,Rinaldi,PAR,1,7.0,6.5,0,0,0,0,0,0,1,0
7157,Iannoni,SAS,6,6.08,6.5,1,0,0,0,0,0,3,0
6243,Borrelli,CAG,26,5.94,6.48,5,0,0,0,0,1,4,0
4199,Loftus-Cheek,MIL,22,6.07,6.48,3,0,0,0,0,1,2,0
4409,Rrahmani,NAP,21,6.26,6.48,2,0,0,0,0,0,3,0
1852,Spinazzola,NAP,30,6.1,6.48,3,0,0,0,0,3,1,0
6844,Rowe,BOL,28,6.09,6.48,3,0,0,0,0,3,2,0
4427,Malinovskyi,GEN,34,6.0,6.47,6,0,3,3,0,3,10,0
6986,Rensch,ROM,18,6.11,6.47,1,0,0,0,0,4,1,0
5589,Konè M.,ROM,29,6.19,6.47,2,0,0,0,0,3,2,0
6956,Solet,UDI,35,6.26,6.47,3,0,1,1,0,1,1,0
5455,Moreo,PIS,35,5.89,6.46,7,0,2,2,0,0,2,0
5792,Ederson D.S.,ATA,30,6.25,6.43,2,0,1,1,0,1,3,0
6190,Pisilli,ROM,23,6.07,6.43,2,0,0,0,0,4,3,0
5735,Volpato,SAS,21,6.05,6.43,2,0,0,0,0,4,4,0
5526,Scalvini,ATA,24,6.04,6.42,3,0,0,0,0,1,2,0
449,Vazquez,CRE,13,6.04,6.42,1,0,0,0,0,2,1,0
4976,Kalulu,JUV,37,6.2,6.42,2,0,0,0,0,4,2,1
6001,Banda,LEC,32,5.95,6.42,5,0,0,0,0,4,6,1
5435,Moreno Alb.,COM,16,6.09,6.41,2,0,0,0,0,1,4,0
5036,Caqueret,COM,29,6.12,6.41,2,0,0,0,0,4,3,0
4807,Hermoso,ROM,27,6.17,6.41,3,0,0,0,0,2,9,0
6274,Diouf,INT,11,6.14,6.41,1,0,0,0,0,0,1,0
7329,Obrador,TOR,16,6.06,6.41,1,0,0,0,0,3,1,0
4730,Lookman,ATA,10,5.8,6.4,2,0,0,0,0,0,0,0
7254,Lorran,PIS,5,5.8,6.4,1,0,0,0,0,0,0,0
6832,Palestra,CAG,37,6.24,6.39,1,0,0,0,0,4,3,0
4923,Colombo,GEN,37,5.91,6.39,7,0,1,2,0,1,2,0
6164,Vitinha O.,GEN,32,5.97,6.39,5,0,0,0,0,1,5,0
5513,Dumfries,INT,19,5.92,6.39,3,0,0,0,0,1,2,0
5422,Zalewski,ATA,31,6.08,6.39,2,0,0,0,0,5,3,0
6666,Bernabè,PAR,32,6.08,6.39,3,0,0,0,0,1,0,0
4317,N'Dicka,ROM,31,6.15,6.39,3,0,0,0,0,1,5,0
7162,Giovane,NAP,31,5.94,6.39,3,0,0,0,0,6,2,0
4159,Akanji,INT,32,6.27,6.39,2,0,0,0,0,0,4,0
6380,Solomon,FIO,14,5.93,6.39,2,0,0,0,0,1,1,0
6066,Posch,COM,8,6.06,6.38,1,0,0,0,0,0,1,0
5678,Holm,JUV,16,6.03,6.38,1,0,0,0,0,4,1,1
4436,Cambiaghi,BOL,25,5.96,6.38,3,0,0,0,0,4,3,1
5506,Ekuban,GEN,29,5.93,6.38,4,0,0,0,0,1,0,0
6550,Garcia U.,SAS,13,6.12,6.38,1,0,0,0,0,2,3,0
247,Pavoletti,CAG,7,6.0,6.36,1,0,0,0,0,0,1,0
4896,Maldini,LAZ,18,5.97,6.33,2,0,0,0,0,1,1,0
4364,Gaetano,CAG,32,6.08,6.33,2,0,0,0,0,4,4,0
333,Cataldi,LAZ,27,6.0,6.33,3,0,2,2,0,3,6,0
5674,Basic,LAZ,23,5.98,6.33,2,0,0,0,0,3,0,1
536,Politano,NAP,33,6.06,6.33,2,0,0,0,0,5,4,0
7223,Vergara,NAP,9,6.11,6.33,1,0,0,0,0,0,2,0
6981,Vaz,ROM,9,6.0,6.33,1,0,0,0,0,0,0,0
4404,Thorsby,CRE,22,5.95,6.32,3,0,0,0,0,1,4,0
6967,Diao,COM,16,5.94,6.31,2,0,0,0,0,1,2,0
5562,Thuram K.,JUV,35,6.03,6.31,3,0,0,0,0,2,2,0
2120,Bastoni,INT,28,6.16,6.3,1,0,0,0,0,4,6,0
6485,Kristensen T.,UDI,28,6.04,6.29,3,0,0,0,0,0,4,0
795,El Shaarawy,ROM,18,6.08,6.28,1,0,0,0,0,2,4,0
554,Zappacosta,ATA,35,6.03,6.27,3,0,0,0,0,1,3,0
2077,Pasalic,ATA,32,5.94,6.27,3,0,0,0,0,3,3,0
4465,Fagioli,FIO,33,6.08,6.27,2,0,0,0,0,3,5,0
5544,David,JUV,30,5.7,6.27,6,0,0,1,0,2,0,0
5504,Coulibaly L.,LEC,33,6.03,6.27,3,0,0,0,0,1,4,0
2816,Di Lorenzo,NAP,26,6.02,6.27,2,0,0,0,0,1,1,0
4947,Brescianini,FIO,19,5.95,6.26,2,0,0,0,0,1,2,0
6822,Ekhator,GEN,25,5.94,6.26,3,0,0,0,0,0,3,0
7318,Gandelman,LEC,17,5.85,6.26,2,0,0,0,0,1,0,0
5831,Gatti,JUV,16,5.97,6.25,2,0,0,0,0,0,3,0
5131,Gilmour,NAP,14,6.07,6.25,1,0,0,0,0,0,1,0
7120,Lang,NAP,14,5.96,6.25,1,0,0,0,0,2,2,0
6667,Benedyczak,PAR,10,5.9,6.25,1,0,1,1,0,1,1,0
6900,Rui Modesto,UDI,2,5.75,6.25,0,0,0,0,0,1,0,0
6439,Cheddira,LEC,24,5.75,6.25,4,0,0,0,0,1,3,0
7353,Pedro Felipe,SAS,2,5.75,6.25,0,0,0,0,0,1,0,0
5823,Baldanzi,GEN,17,6.0,6.24,1,0,0,0,0,2,2,0
7211,Athekame,MIL,19,5.89,6.24,2,0,0,0,0,2,3,0
6867,Valle,COM,26,6.06,6.23,1,0,0,0,0,3,3,0
5800,Gudmundsson A.,FIO,32,5.77,6.23,5,0,3,3,0,3,4,1
5298,Pobega,BOL,23,5.87,6.22,3,0,0,0,0,1,2,1
5496,Johnsen,CRE,9,5.78,6.22,1,0,0,0,0,1,0,0
2160,Gosens,FIO,25,5.86,6.22,3,0,0,0,0,1,2,0
5813,Miretti,JUV,16,6.0,6.22,1,0,0,0,0,1,1,0
4186,Guendouzi,LAZ,16,6.06,6.22,2,0,0,0,0,0,5,1
7133,Vandeputte,CRE,31,6.0,6.21,1,0,0,0,0,5,3,0
827,Locatelli,JUV,36,6.28,6.21,1,0,0,1,0,2,9,0
7220,Belghali,VER,26,6.1,6.21,2,0,0,0,0,0,6,0
5119,Samardzic,ATA,22,5.86,6.2,2,0,0,0,0,2,1,0
779,Cristante,ROM,37,6.09,6.2,2,0,0,0,0,1,6,0
608,Zapata D.,TOR,23,5.89,6.2,3,0,0,1,0,1,0,0
5651,Harrison,FIO,15,5.83,6.2,1,0,0,0,0,3,1,0
4210,Mina,CAG,26,6.02,6.19,2,0,0,0,0,1,3,1
5918,Sulemana K.,ATA,20,5.92,6.18,2,0,0,0,0,1,4,0
7125,Idrissi R.,CAG,19,5.95,6.18,2,0,0,0,0,0,3,0
5500,Cancellieri,LAZ,28,5.82,6.18,4,0,0,0,0,1,6,0
5527,Zanoli,UDI,19,5.95,6.18,1,0,0,0,0,2,1,0
6827,Njie,TOR,11,5.86,6.18,1,0,0,0,0,1,2,0
7219,Bernasconi,ATA,22,6.11,6.18,0,0,0,0,0,3,3,0
7249,Buksa,UDI,22,5.84,6.18,3,0,0,0,0,0,3,0
4359,Piccoli,FIO,27,5.7,6.17,4,0,0,0,0,1,1,0
4994,Vojvoda,COM,27,5.94,6.17,2,0,0,0,0,1,2,0
5514,Vasquez,GEN,36,6.11,6.17,1,0,0,0,0,0,2,0
4657,Celik,ROM,32,6.08,6.17,1,0,0,0,0,2,2,1
6575,Zaragoza,ROM,3,6.0,6.17,0,0,0,0,0,1,1,0
7036,Bakola,SAS,3,6.17,6.17,0,0,0,0,0,0,0,0
6054,Moro N.,BOL,28,5.96,6.16,2,0,0,0,0,0,1,0
7070,Sucic P.,INT,28,5.96,6.16,2,0,0,0,0,2,5,0
5835,Baschirotto,CRE,29,5.98,6.16,2,0,0,0,0,0,2,0
5453,Ricci S.,MIL,29,5.98,6.16,1,0,0,0,0,3,3,0
4263,Kabasele,UDI,29,5.97,6.16,3,0,0,0,0,0,5,1
6815,Fadera,SAS,24,5.92,6.15,2,0,0,0,0,1,5,0
6643,Dallinga,BOL,18,5.81,6.14,2,0,0,0,0,1,2,0
2334,Leris,PIS,32,5.89,6.14,2,0,0,0,0,3,2,0
6869,Ramon,COM,32,6.16,6.14,2,0,0,0,0,0,11,1
5336,Nzola,SAS,28,5.86,6.14,4,0,2,3,0,1,2,1
4137,Diego Carlos,COM,25,6.18,6.14,1,0,0,0,0,0,8,0
4287,Lobotka,NAP,31,6.08,6.13,1,0,0,0,0,0,3,0
5862,Valeri,PAR,34,6.1,6.13,0,0,0,0,0,2,2,0
7001,N'Dri,LEC,17,5.85,6.12,2,0,0,0,0,0,3,0
4665,Maripan,TOR,26,5.96,6.12,2,0,0,0,0,0,4,0
5885,Dodò,FIO,36,6.07,6.11,1,0,0,0,0,2,7,0
6814,Norton-Cuffy,GEN,27,5.94,6.11,2,0,0,0,0,1,3,1
6202,Beukema,NAP,22,5.89,6.11,2,0,0,0,0,0,2,0
6664,Delprato,PAR,35,6.01,6.11,2,0,0,0,0,0,5,0
6252,Folorunsho,CAG,26,5.92,6.1,2,0,0,0,0,0,3,0
7128,Kuhn,COM,15,5.83,6.1,1,0,0,0,0,1,0,0
6766,Kelly L.,JUV,35,6.04,6.1,1,0,0,0,0,1,4,0
7130,Folino,CRE,11,5.82,6.09,1,0,0,0,0,0,0,0
5877,Carlos Augusto,INT,28,6.05,6.09,1,0,0,0,0,1,6,0
5295,Musah,ATA,16,5.94,6.09,1,0,0,0,0,0,1,0
697,Cuadrado,PIS,16,6.0,6.09,1,0,1,1,0,0,3,0
6496,Bartesaghi,MIL,31,6.0,6.08,2,0,0,0,0,0,3,0
6458,Serdar,VER,18,5.83,6.08,2,0,0,0,0,0,3,0
6005,Ilkhan,TOR,18,5.92,6.08,1,0,0,0,0,2,2,1
5449,Parisi,FIO,23,6.11,6.07,1,0,0,0,0,1,6,0
7175,Joao Mario,BOL,15,5.87,6.07,1,0,0,0,0,1,2,0
2839,Sottil,LEC,21,5.86,6.07,1,0,0,0,0,2,1,0
5427,Gutierrez,NAP,22,5.89,6.07,1,0,0,0,0,1,0,0
6145,Ngonge,TOR,17,5.88,6.06,1,0,0,0,0,1,2,0
2593,Martin,GEN,29,5.91,6.05,1,0,0,1,0,5,2,0
4686,Fofana Y.,MIL,33,5.83,6.05,2,0,0,0,0,3,4,0
6271,El Aynaoui,ROM,21,5.93,6.05,1,0,0,0,0,2,5,0
7028,Bernede,VER,31,5.92,6.05,1,0,0,0,0,2,2,0
788,Freuler,BOL,28,6.02,6.04,1,0,0,0,0,2,5,0
5301,Luis Henrique,INT,27,5.87,6.04,1,0,0,0,0,2,1,0
6989,Tiago Gabriel,LEC,36,6.03,6.04,2,0,0,0,0,0,7,0
6898,Keita M.,PAR,36,6.0,6.04,1,0,0,0,0,1,1,0
5318,Tramoni M.,PIS,25,5.76,6.04,2,0,1,1,0,2,3,0
6630,Mosquera,VER,14,5.93,6.04,0,0,0,0,0,2,1,0
5761,Zhegrova,JUV,12,6.04,6.04,0,0,0,0,0,0,1,0
4734,Miranda J.,BOL,31,5.94,6.03,1,0,0,0,0,3,6,0
4461,Zappa,CAG,25,5.94,6.02,0,0,0,0,0,3,2,0
1871,Deiola,CAG,20,6.05,6.02,0,0,0,0,0,1,3,0
5791,Frendrup,GEN,36,6.0,6.01,1,0,0,0,0,0,5,0
22,De Roon,ATA,34,5.97,6.0,1,0,0,0,0,2,6,1
6206,Fabbian,FIO,22,5.75,6.0,2,0,0,0,0,0,2,0
6895,Dominguez B.,BOL,13,5.81,6.0,0,0,0,0,0,3,1,0
322,De Vrij,INT,8,6.06,6.0,0,0,0,0,0,0,1,0
2012,Milik,JUV,2,6.0,6.0,0,0,0,0,0,0,0,0
181,Vecino,LAZ,12,5.96,6.0,0,0,0,0,0,1,1,0
632,Zaccagni,LAZ,26,5.92,6.0,3,0,0,1,0,0,6,1
6633,Pierret,LEC,1,6.0,6.0,0,0,0,0,0,0,0,0
2815,Terracciano,MIL,2,6.0,6.0,0,0,0,0,0,0,0,0
6207,Almqvist,PAR,10,5.9,6.0,0,0,0,0,0,1,0,0
2117,Kastanos,VER,2,6.0,6.0,0,0,0,0,0,0,0,0
2762,Kouamè,FIO,1,6.0,6.0,0,0,0,0,0,0,0,0
7238,Kouadio,FIO,1,6.0,6.0,0,0,0,0,0,0,0,0
7246,Sala A.,LEC,4,5.75,6.0,0,0,0,0,0,1,0,0
2528,Matic,SAS,34,6.0,6.0,1,0,0,0,0,1,6,1
6528,Sarmiento J.,CRE,5,6.0,6.0,0,0,0,0,0,0,0,0
7276,Cremaschi,PAR,2,6.0,6.0,0,0,0,0,0,0,0,0
7277,Arena A.,ROM,1,6.0,6.0,0,0,0,0,0,0,0,0
7309,Isaac,VER,1,6.0,6.0,0,0,0,0,0,0,0,0
7335,Zatterstrom,GEN,2,6.0,6.0,0,0,0,0,0,0,0,0
7338,Albarracin,CAG,2,6.0,6.0,0,0,0,0,0,0,0,0
7368,Vermesan,VER,1,6.0,6.0,0,0,0,0,0,0,0,0
6294,Ndour,FIO,30,5.72,5.98,3,0,0,0,0,0,2,0
6663,Circati,PAR,31,5.98,5.98,1,0,0,0,0,0,6,0
7252,Stulic,LEC,31,5.61,5.98,4,0,1,1,0,0,1,0
4349,Nicolussi Caviglia,PAR,23,5.85,5.98,0,0,0,0,0,4,4,0
4479,Elmas,NAP,31,5.84,5.98,1,0,0,0,0,3,3,0
393,Luperto,CRE,34,5.91,5.97,1,0,0,0,0,1,4,0
513,Acerbi,INT,17,6.06,5.97,0,0,0,0,0,0,3,0
5520,Cambiaso,JUV,36,5.79,5.97,3,0,0,0,0,4,3,1
4502,Gallo,LEC,37,5.93,5.97,0,0,0,0,0,3,3,0
6672,Idzes,SAS,35,6.01,5.97,0,0,0,0,0,0,3,0
6046,Hien,ATA,28,6.02,5.96,1,0,0,0,0,0,5,0
7014,Smolcic I.,COM,25,6.08,5.96,0,0,0,0,0,1,8,0
6896,Van Der Brempt,COM,14,5.96,5.96,0,0,0,0,0,1,2,0
6642,Coco,TOR,35,5.89,5.96,1,0,0,0,0,1,3,0
6426,Pedersen,TOR,28,5.84,5.96,1,0,0,0,0,2,3,0
6047,Ehizibue,UDI,27,5.83,5.96,2,0,0,0,0,0,5,0
4870,Adopo,CAG,38,5.89,5.95,1,0,0,0,0,1,4,0
5471,Djuric,CRE,11,5.95,5.95,0,0,0,0,0,1,2,0
5578,Kossounou,ATA,17,5.79,5.94,1,0,0,0,0,0,1,0
5010,Ismajli,TOR,24,5.96,5.94,0,0,0,0,0,2,5,0
6042,Lucumì,BOL,28,5.91,5.93,1,0,0,0,0,0,5,0
2155,Cutrone,PAR,15,5.73,5.93,1,0,0,0,0,0,0,0
2525,Darmian,INT,6,5.92,5.92,0,0,0,0,0,0,0,0
6394,Ramadani,LEC,37,5.97,5.92,1,0,0,0,0,0,10,0
7155,Muharemovic,SAS,32,5.94,5.92,2,0,0,0,0,1,7,0
7377,Balbo,FIO,6,5.92,5.92,0,0,0,0,0,0,0,0
5701,Obert,CAG,34,5.97,5.91,0,0,0,0,0,3,8,1
2188,Marusic,LAZ,33,5.8,5.91,1,0,0,0,0,2,1,1
487,De Silvestri,BOL,10,6.0,5.9,0,0,0,0,0,0,2,0
2848,Frattesi,INT,15,5.9,5.9,0,0,0,0,0,0,0,0
5812,Terracciano F.,CRE,36,5.93,5.9,2,0,0,0,0,0,6,0
1842,Pierini,SAS,5,6.0,5.9,0,0,0,0,0,0,1,0
5820,Bertola,UDI,25,5.92,5.9,0,0,0,0,0,1,3,0
6680,Karlstrom,UDI,36,5.9,5.9,1,0,0,0,0,0,6,0
7198,Piotrowski,UDI,31,5.84,5.9,1,0,0,0,0,0,2,0
7272,Gueye,UDI,15,5.77,5.9,1,0,0,0,0,0,2,0
460,Romagnoli,LAZ,32,6.0,5.89,0,0,0,0,0,0,5,1
6215,Lucca,NAP,9,5.61,5.89,1,0,0,0,0,0,1,0
7143,Angori,PIS,35,5.86,5.89,0,0,0,0,0,2,2,0
6246,Lipani,SAS,22,5.91,5.89,0,0,0,0,0,1,3,0
6639,Frese,VER,31,5.89,5.89,2,0,0,0,0,0,8,0
7208,Miller L.,UDI,19,5.87,5.89,0,0,0,0,0,2,4,0
7069,Fortini,FIO,12,5.88,5.88,0,0,0,0,0,0,0,0
5007,Ilic,TOR,8,6.0,5.88,0,0,0,0,0,0,2,0
5555,Kamara H.,UDI,26,5.9,5.88,0,0,0,0,0,2,5,0
7268,Rodriguez Ju.,CAG,16,5.78,5.88,1,0,0,0,0,0,3,0
388,Albiol,PIS,8,5.81,5.88,0,0,0,0,0,1,1,0
6020,Ellertsson,GEN,35,5.8,5.87,1,0,0,0,0,1,1,1
5833,Gila,LAZ,31,5.95,5.87,0,0,0,0,0,0,3,1
7240,Siebert,LEC,19,5.79,5.87,1,0,0,0,0,0,3,0
6314,Openda,JUV,15,5.67,5.87,1,0,0,0,0,0,0,0
4284,Sergi Roberto,COM,14,5.96,5.86,0,0,0,0,0,0,3,0
6917,Masini,GEN,22,5.93,5.86,0,0,0,0,0,1,5,0
6629,Dele-Bashiru,LAZ,21,5.71,5.86,1,0,0,0,0,0,0,0
6631,Ghilardi,ROM,21,5.88,5.86,0,0,0,0,0,0,1,0
5532,Bradaric,VER,29,5.83,5.86,0,0,0,0,0,2,2,0
7253,Bella-Kotchap,VER,18,5.94,5.86,0,0,0,0,0,0,3,0
2640,Kolasinac,ATA,17,5.94,5.85,0,0,0,0,0,0,3,0
5858,Ferguson,BOL,23,5.87,5.85,1,0,0,0,0,0,5,1
6660,Marcandalli,GEN,31,5.89,5.85,0,0,0,0,0,1,4,0
5739,De Winter,MIL,24,5.71,5.85,1,0,0,0,0,1,1,0
7012,Provstgaard,LAZ,23,5.91,5.85,0,0,0,0,0,0,3,0
5290,Estevez,PAR,24,5.85,5.85,0,0,0,0,0,1,2,0
7146,Tourè I.,PIS,30,5.85,5.85,1,0,0,0,0,0,4,1
7209,Sorensen O.,PAR,31,5.76,5.85,1,0,0,0,0,1,2,0
5672,Dia,LAZ,25,5.66,5.84,1,0,0,0,0,2,1,0
4401,Gabbia,MIL,29,5.91,5.84,0,0,0,0,0,0,4,0
787,Djimsiti,ATA,33,5.89,5.83,0,0,0,0,0,0,4,0
6424,Prati,TOR,32,5.83,5.83,1,0,0,0,0,0,6,0
4751,Tomori,MIL,32,5.92,5.83,0,0,0,0,0,1,6,1
2724,Buongiorno,NAP,32,5.84,5.83,0,0,0,0,0,1,3,0
5481,Mazzocchi,NAP,9,5.83,5.83,0,0,0,0,0,1,0,1
4423,Hernani,PAR,3,5.83,5.83,0,0,0,0,0,0,0,0
7161,Bayo V.,UDI,12,5.75,5.83,0,0,0,0,0,1,0,0
6218,Oristanio,PAR,18,5.72,5.83,1,0,0,0,0,0,1,0
801,Gagliardini,VER,29,5.9,5.83,1,0,0,0,0,0,10,0
4433,Zortea,BOL,28,5.79,5.82,0,0,0,0,0,2,2,0
5688,Harroui,VER,17,5.71,5.82,1,0,1,1,0,0,3,0
7212,Heggem,BOL,25,5.86,5.82,0,0,0,0,0,0,0,1
5286,Akpa Akpro,VER,22,5.89,5.82,1,0,0,0,0,0,9,0
5784,Aebischer,PIS,35,5.81,5.81,1,0,0,0,0,1,8,0
7235,Troilo,PAR,21,5.88,5.81,1,0,0,0,0,0,5,2
7132,Collocolo,CRE,5,5.9,5.8,0,0,0,0,0,0,1,0
5998,Zerbin,CRE,30,5.77,5.8,0,0,0,0,0,2,2,0
2279,Romagna,SAS,5,5.8,5.8,0,0,0,0,0,0,0,0
7312,Arizala,UDI,5,5.8,5.8,0,0,0,0,0,0,0,0
7352,Edmundsson,VER,15,6.03,5.8,0,0,0,0,0,0,3,0
6013,Barbieri,CRE,26,5.9,5.79,0,0,0,0,0,1,8,0
6980,Venturino,ROM,7,5.79,5.79,0,0,0,0,0,0,0,0
2273,Caracciolo A.,PIS,35,5.81,5.79,2,0,0,0,0,0,10,0
6870,Faye,CRE,7,5.86,5.79,0,0,0,0,0,0,1,0
6024,Sulemana I.,CAG,18,5.69,5.78,1,0,0,0,0,0,3,0
6549,Pierotti,LEC,37,5.73,5.78,1,0,0,0,0,1,4,0
7139,Canestrelli,PIS,37,5.76,5.78,1,0,0,0,0,0,4,0
6211,Zemura,UDI,16,5.88,5.78,0,0,0,0,0,0,3,0
6191,Belahyane,LAZ,11,5.73,5.77,0,0,0,0,0,2,1,1
6593,Akinsanmiro,PIS,24,5.77,5.77,0,0,0,0,0,1,2,0
6170,Gineitis,TOR,28,5.82,5.77,0,0,0,0,0,1,5,0
6212,Zarraga,UDI,13,5.81,5.77,0,0,0,0,0,0,2,0
612,Bianchetti,CRE,27,5.8,5.76,0,0,0,0,0,1,4,0
6836,Meister,PIS,27,5.57,5.76,2,0,0,0,0,0,2,0
479,Sanabria,CRE,23,5.63,5.76,1,0,0,0,0,1,2,0
6481,Payero,CRE,25,5.8,5.76,1,0,0,0,0,0,8,0
5540,Niasse,VER,17,5.74,5.76,0,0,0,0,0,1,1,0
4887,Bellanova,ATA,22,5.75,5.75,0,0,0,0,0,1,2,0
7165,Liteta,CAG,4,5.75,5.75,0,0,0,0,0,0,0,0
6010,Fazzini,FIO,12,5.79,5.75,0,0,0,0,0,0,2,0
6219,Boloca,SAS,2,5.75,5.75,0,0,0,0,0,0,0,0
7011,Slotsager,VER,6,5.75,5.75,0,0,0,0,0,0,0,0
7203,Jashari,MIL,12,5.67,5.75,0,0,0,0,0,1,0,0
7239,Braschi,FIO,2,5.75,5.75,0,0,0,0,0,0,0,0
6538,Onana J.,GEN,2,5.75,5.75,0,0,0,0,0,0,0,0
5156,Nkounkou,TOR,8,5.75,5.75,0,0,0,0,0,1,3,0
6665,Coulibaly W.,SAS,18,5.81,5.75,0,0,0,0,0,0,2,0
7316,Durosinmi,PIS,10,5.45,5.75,1,0,0,0,0,1,1,1
7317,Trepy,CAG,4,5.75,5.75,0,0,0,0,0,0,0,0
6149,Carboni F.,PAR,2,5.75,5.75,0,0,0,0,0,0,0,0
4378,Ranieri L.,FIO,31,5.81,5.74,1,0,0,0,0,0,8,1
6990,Veiga D.,LEC,36,5.86,5.74,0,0,0,0,0,0,9,0
5307,Valenti,PAR,27,5.87,5.74,0,0,0,0,0,0,7,0
6495,Comuzzo,FIO,24,5.73,5.73,1,0,0,0,0,0,2,0
327,Patric,LAZ,11,5.82,5.73,0,0,0,0,0,0,2,0
4459,Rovella,LAZ,11,5.82,5.73,0,0,0,0,0,1,2,1
6809,Marianucci,TOR,11,5.73,5.73,0,0,0,0,0,1,2,0
5840,Olivera,NAP,24,5.79,5.73,0,0,0,0,0,0,3,0
252,Biraghi,TOR,11,5.73,5.73,0,0,0,0,0,0,0,0
7068,Vitik,BOL,18,5.81,5.72,0,0,0,0,0,0,3,0
7131,Floriani Mussolini,CRE,23,5.72,5.72,0,0,0,0,0,1,2,0
4374,Walukiewicz,SAS,34,5.79,5.72,0,0,0,0,0,1,7,0
5851,Doig,SAS,27,5.81,5.72,0,0,0,0,0,0,5,0
6889,Anjorin,TOR,9,5.78,5.72,0,0,0,0,0,0,1,0
5994,Ebosse,TOR,16,5.75,5.72,0,0,0,0,0,1,4,0
5603,Pongracic,FIO,35,5.89,5.71,0,0,0,0,0,0,12,0
5620,Tavares N.,LAZ,21,5.83,5.71,0,0,0,0,0,0,5,0
5457,Maleh,CRE,21,5.69,5.71,1,0,0,0,0,0,3,1
2678,Fullkrug,MIL,19,5.71,5.71,1,0,0,1,0,0,0,0
7349,Kulenovic,TOR,7,5.64,5.71,0,0,0,0,0,1,2,0
27,Grassi,CRE,28,5.79,5.7,0,0,0,0,0,0,3,1
6883,Jean,LEC,5,5.8,5.7,0,0,0,0,0,0,1,0
7145,Piccinini G.,PIS,23,5.76,5.7,0,0,0,0,0,0,3,0
5610,Vranckx,SAS,15,5.77,5.7,0,0,0,0,0,0,2,0
7274,Zè Pedro,CAG,22,5.8,5.7,0,0,0,0,0,1,6,0
6916,Ahanor,ATA,21,5.79,5.69,0,0,0,0,0,0,2,1
791,Sabelli,GEN,13,5.85,5.69,0,0,0,0,0,0,0,0
2728,Pellegrini Lu.,LAZ,24,5.73,5.69,1,0,0,0,0,0,8,0
7138,Ordonez C.,PAR,21,5.67,5.69,1,0,0,0,0,0,3,1
7313,Ratkov,LAZ,8,5.69,5.69,0,0,0,0,0,0,0,0
2263,Lazzari,LAZ,17,5.74,5.68,0,0,0,0,0,0,2,0
5273,Estupinan,MIL,14,5.61,5.68,1,0,0,0,0,1,5,1
7150,Vural,PIS,14,5.82,5.68,0,0,0,0,0,0,4,0
5850,Lovric,VER,11,5.68,5.68,0,0,0,0,0,1,2,0
6722,Gronbaek,GEN,3,5.83,5.67,0,0,0,0,0,0,1,0
140,Hysaj,LAZ,3,5.67,5.67,0,0,0,0,0,0,0,0
5992,Bondo,CRE,27,5.76,5.67,0,0,0,0,0,0,5,0
4890,Tameze,TOR,18,5.72,5.67,0,0,0,0,0,0,3,0
7260,Ziolkowski,ROM,9,5.83,5.67,0,0,0,0,0,0,3,0
7341,Amorim,GEN,9,5.72,5.67,0,0,0,0,0,0,1,0
4431,Carnesecchi,ATA,37,6.43,5.65,0,35,0,0,2,0,0,0
5297,Luvumbo,CAG,10,5.65,5.65,0,0,0,0,0,0,0,0
6486,Suslov,VER,10,5.8,5.65,0,0,0,0,0,0,1,1
6230,Dossena,CAG,11,5.77,5.64,0,0,0,0,0,1,5,0
6410,Kaba,LEC,11,5.68,5.64,0,0,0,0,0,0,1,0
6519,Camarda,LEC,18,5.67,5.64,1,0,0,1,0,0,1,0
4772,Angelino,ROM,7,5.79,5.64,0,0,0,0,0,0,2,0
7331,Loyola,PIS,11,5.45,5.64,1,0,0,0,0,0,0,1
5685,Koopmeiners,JUV,30,5.72,5.63,0,0,0,0,0,0,5,0
7018,Nelsson,VER,38,5.74,5.63,0,0,0,0,0,0,4,0
7172,Pessina Mas.,BOL,4,6.12,5.62,0,2,0,0,0,0,0,0
647,Dzeko,FIO,8,5.69,5.62,0,0,0,0,0,0,1,0
6632,Gaspar K.,LEC,21,5.81,5.62,0,0,0,0,0,0,6,1
5872,Helgason,LEC,4,5.62,5.62,0,0,0,0,0,0,0,0
4385,Lazaro,TOR,30,5.62,5.62,0,0,0,0,0,2,4,0
7183,Aboukhlal,TOR,12,5.79,5.62,0,0,0,0,0,0,4,0
7356,Mlacic,UDI,4,5.88,5.62,0,0,0,0,0,0,2,0
6444,Bonfanti,PIS,9,5.67,5.61,0,0,0,0,0,0,1,0
2653,Lykogiannis,BOL,9,5.67,5.61,0,0,0,0,0,1,3,0
2170,Milinkovic-Savic V.,NAP,27,6.17,5.61,0,24,0,0,3,0,0,0
7255,Britschgi,PAR,28,5.66,5.61,0,0,0,0,0,2,5,1
5168,Tsimikas,ROM,14,5.64,5.61,0,0,0,0,0,0,1,0
6106,Carboni V.,GEN,10,5.7,5.6,0,0,0,0,0,0,2,0
6984,Ondrejka,PAR,15,5.67,5.6,0,0,0,0,0,0,2,0
49,Masina,TOR,5,5.4,5.6,0,0,0,0,0,1,0,0
6159,Sarr A.,VER,29,5.64,5.6,0,0,0,0,0,0,0,1
6555,Moumbagna,CRE,5,5.6,5.6,0,0,0,0,0,0,0,0
256,Juan Jesus,NAP,22,5.82,5.59,0,0,0,0,0,0,8,1
785,Immobile,BOL,6,5.67,5.58,0,0,0,0,0,0,1,0
5319,Sohm,BOL,24,5.6,5.58,0,0,0,0,0,1,3,0
7158,Moro L.,SAS,6,5.67,5.58,0,0,0,0,0,0,1,0
6537,Goglichidze,UDI,6,5.75,5.58,0,0,0,0,0,0,2,0
7322,Ngom,LEC,13,5.62,5.58,0,0,0,0,0,0,1,0
7326,Helland,BOL,6,5.75,5.58,0,0,0,0,0,0,2,0
6634,Tete Morente,LEC,15,5.57,5.57,0,0,0,0,0,1,2,0
7149,Marin M.,PIS,21,5.74,5.57,0,0,0,0,0,0,7,0
7010,Al-Musrati,VER,14,5.71,5.57,0,0,0,0,0,1,4,1
2745,Calabresi,PIS,25,5.72,5.56,0,0,0,0,0,0,8,0
6985,Candè,SAS,8,5.69,5.56,0,0,0,0,0,0,2,0
5498,Casale,BOL,10,5.55,5.55,0,0,0,0,0,0,0,0
770,Pezzella Giu.,CRE,31,5.68,5.55,0,0,0,0,0,1,8,1
7182,Ndaba,LEC,10,5.55,5.55,0,0,0,0,0,0,0,0
6992,Oyegoke,VER,10,5.65,5.55,0,0,0,0,0,0,2,0
6894,Unai Nunez,VER,17,5.79,5.53,0,0,0,0,0,0,5,0
5406,Di Pardo,CAG,1,5.5,5.5,0,0,0,0,0,0,0,0
6804,Richardson,FIO,1,5.5,5.5,0,0,0,0,0,0,0,0
5788,Sabiri,FIO,1,5.5,5.5,0,0,0,0,0,0,0,0
5719,Asllani,TOR,14,5.82,5.5,0,0,0,1,0,0,3,0
294,Rugani,FIO,8,5.62,5.5,0,0,0,0,0,0,2,0
7164,Perez M.,LEC,1,5.5,5.5,0,0,0,0,0,0,0,0
4856,Chukwueze,MIL,1,5.5,5.5,0,0,0,0,0,0,0,0
6965,Lovik,PAR,6,5.5,5.5,0,0,0,0,0,0,0,0
5841,Svilar,ROM,38,6.32,5.5,0,31,0,0,0,0,0,0
6925,Palma,UDI,4,5.5,5.5,0,0,0,0,0,0,0,0
6506,Fini,GEN,1,5.5,5.5,0,0,0,0,0,0,0,0
2670,Bailey,ROM,5,5.5,5.5,0,0,0,0,0,0,0,0
7248,Gorter,LEC,1,5.5,5.5,0,0,0,0,0,0,0,0
5561,Stengs,PIS,1,5.5,5.5,0,0,0,0,0,0,0,0
7264,Ambrosino,NAP,1,5.5,5.5,0,0,0,0,0,0,0,0
6351,Lamptey,FIO,1,5.5,5.5,0,0,0,0,0,0,0,0
6112,Iling Junior,PIS,3,5.5,5.5,0,0,0,0,0,0,0,0
7381,Mikolajewski,PAR,1,5.5,5.5,0,0,0,0,0,0,0,0
7147,Hojholt,PIS,15,5.53,5.47,0,0,0,0,0,0,2,0
4312,Maignan,MIL,37,6.3,5.46,0,35,0,0,2,0,4,0
1891,Ceccherini,CRE,8,5.5,5.44,0,0,0,0,0,1,1,1
6957,Valentini N.,VER,19,5.63,5.42,0,0,0,0,0,0,6,1
6966,Butez,COM,38,6.11,5.41,0,29,0,0,1,1,3,0
7008,Gimenez,MIL,16,5.41,5.41,0,0,0,0,0,1,2,0
6977,Otoa,GEN,10,5.65,5.4,0,0,0,0,0,0,1,0
7136,Kouassi,LEC,4,5.38,5.38,0,0,0,0,0,0,0,0
7344,Stojilkovic,PIS,12,5.38,5.38,0,0,0,0,0,0,0,0
2814,Provedel,LAZ,27,6.28,5.37,0,27,0,0,1,0,1,0
7202,Ndiaye,PAR,11,5.59,5.36,0,0,0,0,0,0,3,1
5718,Viti,FIO,6,5.58,5.33,0,0,0,0,0,0,1,1
5876,Di Gregorio,JUV,30,6.07,5.32,0,25,0,0,1,0,1,0
4904,Marì,FIO,10,5.45,5.3,0,0,0,0,0,0,3,0
2006,Lirola,VER,5,5.4,5.3,0,0,0,0,0,0,1,0
2134,Falcone,LEC,38,6.45,5.26,0,50,0,0,2,0,2,0
543,Padelli,UDI,2,6.25,5.25,0,2,0,0,0,0,0,0
7196,Denoon,PIS,2,5.5,5.25,0,0,0,0,0,0,1,0
7319,Fofana Sa.,LEC,2,5.25,5.25,0,0,0,0,0,0,0,0
133,Skorupski,BOL,18,6.14,5.22,0,15,0,0,0,0,1,1
5116,Martinez Jo.,INT,5,6.0,5.2,0,4,0,0,0,0,0,0
313,Morata,COM,18,5.47,5.19,0,0,0,1,0,0,2,1
7337,Motta,LAZ,9,6.0,5.17,0,10,0,0,1,0,1,0
6662,Corvi,PAR,17,6.24,5.15,0,18,0,0,0,0,1,0
572,Meret,NAP,11,6.18,5.14,0,12,0,0,0,1,1,0
6462,Okoye,UDI,30,6.08,5.1,0,32,0,0,1,1,1,1
4867,Turati,SAS,6,6.25,5.08,0,7,0,0,0,0,0,0
218,Perin,JUV,9,6.06,5.06,0,9,0,0,0,0,0,0
1926,Di Gennaro,INT,1,6.0,5.0,0,1,0,0,0,0,0,0
6417,Furlanetto,LAZ,2,6.5,5.0,0,3,0,0,0,0,0,0
6531,Jimenez A.,MIL,1,5.5,5.0,0,0,0,0,0,0,1,0
7140,Coppola F.,PIS,5,5.2,5.0,0,0,0,0,0,0,3,0
6411,Mateus Lusuardi,PIS,3,5.17,5.0,0,0,0,0,0,0,1,0
6826,Dembelè A.,TOR,1,5.0,5.0,0,0,0,0,0,0,0,0
7222,Cham,VER,3,5.0,5.0,0,0,0,0,0,0,0,0
7325,Bozhinov,PIS,8,5.19,5.0,0,0,0,0,0,0,1,1
2521,De Gea,FIO,37,6.22,4.97,0,49,0,0,1,0,0,0
2428,Sommer,INT,33,5.88,4.97,0,30,0,0,0,0,0,0
188,Leali,GEN,22,6.2,4.89,0,27,0,0,0,0,2,1
4957,Montipò,VER,35,6.14,4.89,0,54,0,0,3,1,0,0
4360,Caprile,CAG,38,6.29,4.87,0,53,0,0,0,0,2,0
761,Audero,CRE,34,6.12,4.82,0,50,0,0,2,0,0,0
7332,Bijlow,GEN,16,6.09,4.81,0,20,0,0,0,0,1,0
6641,Suzuki,PAR,20,6.05,4.78,0,28,0,0,1,0,1,0
4236,Muric,SAS,32,6.06,4.75,0,43,0,0,1,0,4,0
7135,Stanciu,GEN,4,5.38,4.62,0,0,0,1,0,0,0,0
5320,Paleari,TOR,29,6.12,4.55,0,45,0,0,0,0,1,0
4,Sportiello,ATA,1,5.5,4.5,0,1,0,0,0,0,0,0
2211,Silvestri,CRE,4,6.25,4.5,0,7,0,0,0,0,0,0
2861,Semper,PIS,25,6.04,4.36,0,42,0,0,0,0,0,0
4677,Cornet,GEN,5,4.9,4.3,0,0,0,1,0,0,0,0
2722,Ravaglia F.,BOL,17,6.12,4.29,0,29,0,0,0,0,4,0
574,Scuffet,PIS,7,6.21,4.07,0,15,0,0,0,0,0,0
7179,Israel,TOR,9,5.83,3.78,0,18,0,0,0,0,1,0
219,Sommariva,GEN,2,5.75,3.75,0,4,0,0,0,0,0,0
511,Perilli,VER,3,6.0,3.67,0,7,0,0,0,0,0,0
2271,Nicolas,PIS,6,5.92,3.58,0,14,0,0,0,0,0,0
6842,Sava,UDI,7,5.5,3.43,0,14,0,0,0,0,1,0
2297,Rossi F.,ATA,0,0.0,0.0,0,0,0,0,0,0,0,0
6229,Tourè E.,ATA,0,0.0,0.0,0,0,0,0,0,0,0,0
4982,Erlic,BOL,0,0.0,0.0,0,0,0,0,0,0,0,0
6551,Ilic M.,BOL,0,0.0,0.0,0,0,0,0,0,0,0,0
6225,El Azzouzi,BOL,0,0.0,0.0,0,0,0,0,0,0,0,0
5564,Ndoye,BOL,0,0.0,0.0,0,0,0,0,0,0,0,0
6459,Karlsson,BOL,0,0.0,0.0,0,0,0,0,0,0,0,0
4929,Ciocci,CAG,0,0.0,0.0,0,0,0,0,0,0,0,0
3,Radunovic,CAG,0,0.0,0.0,0,0,0,0,0,0,0,0
6464,Wieteska,CAG,0,0.0,0.0,0,0,0,0,0,0,0,0
6636,Veroli,CAG,0,0.0,0.0,0,0,0,0,0,0,0,0
2809,Vigorito,COM,0,0.0,0.0,0,0,0,0,0,0,0,0
418,Goldaniga,COM,0,0.0,0.0,0,0,0,0,0,0,0,0
6944,Jack,COM,0,0.0,0.0,0,0,0,0,0,0,0,0
6656,Braunoder,COM,0,0.0,0.0,0,0,0,0,0,0,0,0
6676,Engelhardt,COM,0,0.0,0.0,0,0,0,0,0,0,0,0
2553,Alli,COM,0,0.0,0.0,0,0,0,0,0,0,0,0
7027,Azon,COM,0,0.0,0.0,0,0,0,0,0,0,0,0
6657,Gabrielloni,COM,0,0.0,0.0,0,0,0,0,0,0,0,0
6505,Nava,CRE,0,0.0,0.0,0,0,0,0,0,0,0,0
5860,Ravanelli,CRE,0,0.0,0.0,0,0,0,0,0,0,0,0
6231,Azzi,CRE,0,0.0,0.0,0,0,0,0,0,0,0,0
5891,Quagliata,CRE,0,0.0,0.0,0,0,0,0,0,0,0,0
2847,Sernicola,CRE,0,0.0,0.0,0,0,0,0,0,0,0,0
5863,Castagnetti,CRE,0,0.0,0.0,0,0,0,0,0,0,0,0
5857,Pickel,CRE,0,0.0,0.0,0,0,0,0,0,0,0,0
2274,Valoti,CRE,0,0.0,0.0,0,0,0,0,0,0,0,0
2842,Zanimacchia,CRE,0,0.0,0.0,0,0,0,0,0,0,0,0
7134,Nasti,CRE,0,0.0,0.0,0,0,0,0,0,0,0,0
6184,Martinelli T.,FIO,0,0.0,0.0,0,0,0,0,0,0,0,0
5516,Bianco,FIO,0,0.0,0.0,0,0,0,0,0,0,0,0
6409,Beltran L.,FIO,0,0.0,0.0,0,0,0,0,0,0,0,0
6991,Siegrist,GEN,0,0.0,0.0,0,0,0,0,0,0,0,0
6245,Vogliacco,GEN,0,0.0,0.0,0,0,0,0,0,0,0,0
6628,Taremi,INT,0,0.0,0.0,0,0,0,0,0,0,0,0
1930,Pinsoglio,JUV,0,0.0,0.0,0,0,0,0,0,0,0,0
6802,Savona,JUV,0,0.0,0.0,0,0,0,0,0,0,0,0
6803,Rouhi,JUV,0,0.0,0.0,0,0,0,0,0,0,0,0
4662,Weah,JUV,0,0.0,0.0,0,0,0,0,0,0,0,0
4911,Douglas Luiz,JUV,0,0.0,0.0,0,0,0,0,0,0,0,0
4179,Gonzalez N.,JUV,0,0.0,0.0,0,0,0,0,0,0,0,0
6482,Mandas,LAZ,0,0.0,0.0,0,0,0,0,0,0,0,0
5899,Gigot,LAZ,0,0.0,0.0,0,0,0,0,0,0,0,0
2401,Fruchtl,LEC,0,0.0,0.0,0,0,0,0,0,0,0,0
6523,Samooja,LEC,0,0.0,0.0,0,0,0,0,0,0,0,0
6222,Rafia,LEC,0,0.0,0.0,0,0,0,0,0,0,0,0
6645,Marchwinski,LEC,0,0.0,0.0,0,0,0,0,0,0,0,0
6813,Torriani,MIL,0,0.0,0.0,0,0,0,0,0,0,0,0
6055,Thiaw,MIL,0,0.0,0.0,0,0,0,0,0,0,0,0
6678,Liberali,MIL,0,0.0,0.0,0,0,0,0,0,0,0,0
6227,Okafor,MIL,0,0.0,0.0,0,0,0,0,0,0,0,0
2845,Contini,NAP,0,0.0,0.0,0,0,0,0,0,0,0,0
5353,Balogh,PAR,0,0.0,0.0,0,0,0,0,0,0,0,0
6887,Leoni,PAR,0,0.0,0.0,0,0,0,0,0,0,0,0
6821,Hainaut,PAR,0,0.0,0.0,0,0,0,0,0,0,0,0
5393,Man,PAR,0,0.0,0.0,0,0,0,0,0,0,0,0
7170,Mbambi,PIS,0,0.0,0.0,0,0,0,0,0,0,0,0
7141,Rus,PIS,0,0.0,0.0,0,0,0,0,0,0,0,0
7142,Esteves T.,PIS,0,0.0,0.0,0,0,0,0,0,0,0,0
7151,Arena,PIS,0,0.0,0.0,0,0,0,0,0,0,0,0
7171,Buffon L.,PIS,0,0.0,0.0,0,0,0,0,0,0,0,0
7152,Bonfanti N.,PIS,0,0.0,0.0,0,0,0,0,0,0,0,0
7153,Lind,PIS,0,0.0,0.0,0,0,0,0,0,0,0,0
7169,Zelezny,ROM,0,0.0,0.0,0,0,0,0,0,0,0,0
610,Gollini,ROM,0,0.0,0.0,0,0,0,0,0,0,0,0
4495,Kumbulla,ROM,0,0.0,0.0,0,0,0,0,0,0,0,0
6885,Abdulhamid,ROM,0,0.0,0.0,0,0,0,0,0,0,0,0
7020,Salah-Eddine,ROM,0,0.0,0.0,0,0,0,0,0,0,0,0
4518,Russo A.,SAS,0,0.0,0.0,0,0,0,0,0,0,0,0
2127,Satalino,SAS,0,0.0,0.0,0,0,0,0,0,0,0,0
7154,Odenthal,SAS,0,0.0,0.0,0,0,0,0,0,0,0,0
6189,Missori,SAS,0,0.0,0.0,0,0,0,0,0,0,0,0
6431,Paz Y.,SAS,0,0.0,0.0,0,0,0,0,0,0,0,0
7156,Pieragnolo,SAS,0,0.0,0.0,0,0,0,0,0,0,0,0
4930,Ghion,SAS,0,0.0,0.0,0,0,0,0,0,0,0,0
5845,Alvarez A.,SAS,0,0.0,0.0,0,0,0,0,0,0,0,0
6205,Mulattieri,SAS,0,0.0,0.0,0,0,0,0,0,0,0,0
7159,Skjellerup,SAS,0,0.0,0.0,0,0,0,0,0,0,0,0
216,Donnarumma An.,TOR,0,0.0,0.0,0,0,0,0,0,0,0,0
6210,Popa,TOR,0,0.0,0.0,0,0,0,0,0,0,0,0
6041,Schuurs,TOR,0,0.0,0.0,0,0,0,0,0,0,0,0
6533,Giannetti L.,UDI,0,0.0,0.0,0,0,0,0,0,0,0,0
5824,Pafundi,UDI,0,0.0,0.0,0,0,0,0,0,0,0,0
6213,Brenner,UDI,0,0.0,0.0,0,0,0,0,0,0,0,0
2475,Sanchez,UDI,0,0.0,0.0,0,0,0,0,0,0,0,0
2369,Thauvin,UDI,0,0.0,0.0,0,0,0,0,0,0,0,0
6635,Pizarro,UDI,0,0.0,0.0,0,0,0,0,0,0,0,0
6480,Tchatchoua,VER,0,0.0,0.0,0,0,0,0,0,0,0,0
7177,Santiago,VER,0,0.0,0.0,0,0,0,0,0,0,0,0
6618,Cissè A.,VER,0,0.0,0.0,0,0,0,0,0,0,0,0
6644,Rocha Livramento,VER,0,0.0,0.0,0,0,0,0,0,0,0,0
6125,Vasquez D.,ROM,0,0.0,0.0,0,0,0,0,0,0,0,0
7185,Nunziante,UDI,0,0.0,0.0,0,0,0,0,0,0,0,0
158,Lezzerini,FIO,0,0.0,0.0,0,0,0,0,0,0,0,0
5324,Godfrey,ATA,0,0.0,0.0,0,0,0,0,0,0,0,0
2076,Rog,CAG,0,0.0,0.0,0,0,0,0,0,0,0,0
7213,Frigan,PAR,0,0.0,0.0,0,0,0,0,0,0,0,0
7025,Cuenca H.,GEN,0,0.0,0.0,0,0,0,0,0,0,0,0
7236,Toniolo,VER,0,0.0,0.0,0,0,0,0,0,0,0,0
7261,Cavlina,COM,0,0.0,0.0,0,0,0,0,0,0,0,0
7262,Balentien,MIL,0,0.0,0.0,0,0,0,0,0,0,0,0
7271,Odogu,MIL,0,0.0,0.0,0,0,0,0,0,0,0,0
6874,Palacios T.,INT,0,0.0,0.0,0,0,0,0,0,0,0,0
7285,Ferrante,NAP,0,0.0,0.0,0,0,0,0,0,0,0,0
7042,Calligaris,INT,0,0.0,0.0,0,0,0,0,0,0,0,0
5135,Guaita,PAR,0,0.0,0.0,0,0,0,0,0,0,0,0
7301,Tornqvist,COM,0,0.0,0.0,0,0,0,0,0,0,0,0
6650,Sherri,CAG,0,0.0,0.0,0,0,0,0,0,0,0,0
7336,Tchoca,TOR,0,0.0,0.0,0,0,0,0,0,0,0,0
7345,Przyborek,LAZ,0,0.0,0.0,0,0,0,0,0,0,0,0
7346,Raterink,CAG,0,0.0,0.0,0,0,0,0,0,0,0,0
7357,Lahdo,COM,0,0.0,0.0,0,0,0,0,0,0,0,0
7363,Siviero,TOR,0,0.0,0.0,0,0,0,0,0,0,0,0
7382,Pannozzo,LAZ,0,0.0,0.0,0,0,0,0,0,0,0,0
7383,Giacomone,LAZ,0,0.0,0.0,0,0,0,0,0,0,0,0
7388,Mosconi,INT,0,0.0,0.0,0,0,0,0,0,0,0,0
